title,company,location,skills,description,source,url
Freelance Writer,ProWriterSites,New York,"Featured, Contract, Anywhere in the World",Freelance Writer New ProWriterSites New York Featured Contract Anywhere in the World,weworkremotely,https://weworkremotely.com/remote-jobs/prowritersites-freelance-writer
Revenue Operations Manager,Statara,United States,"Featured, Full-Time, $75,000 - $99,999 USD, ðŸ‡ºðŸ‡¸ United States of America","Revenue Operations Manager 4d Statara United States Featured Full-Time $75,000 - $99,999 USD ðŸ‡ºðŸ‡¸ United States of America",weworkremotely,https://weworkremotely.com/remote-jobs/statara-revenue-operations-manager
AI Evaluation Analyst,Toptal,Remote,"Featured, Top 100, Contract, Anywhere in the World",AI Evaluation Analyst 6d Toptal Remote Featured Top 100 Contract Anywhere in the World,weworkremotely,https://weworkremotely.com/remote-jobs/toptal-ai-evaluation-analyst
Senior DevOps Engineer (GCP),Proxify AB,Sweden,"Featured, Top 100, Full-Time, Anywhere in the World",Senior DevOps Engineer (GCP) 7d Proxify AB Sweden Featured Top 100 Full-Time Anywhere in the World,weworkremotely,https://weworkremotely.com/remote-jobs/proxify-ab-senior-devops-engineer-gcp
Senior Salesforce Developer,Proxify AB,Sweden,"Featured, Top 100, Full-Time, Anywhere in the World",Senior Salesforce Developer 7d Proxify AB Sweden Featured Top 100 Full-Time Anywhere in the World,weworkremotely,https://weworkremotely.com/remote-jobs/proxify-ab-senior-salesforce-developer
Senior AI Engineer (LLM),Proxify AB,Sweden,"Featured, Top 100, Full-Time, Anywhere in the World",Senior AI Engineer (LLM) 7d Proxify AB Sweden Featured Top 100 Full-Time Anywhere in the World,weworkremotely,https://weworkremotely.com/remote-jobs/proxify-ab-senior-ai-engineer-llm
Senior Sharepoint Developer,Proxify AB,Sweden,"Featured, Top 100, Full-Time, Anywhere in the World",Senior Sharepoint Developer 7d Proxify AB Sweden Featured Top 100 Full-Time Anywhere in the World,weworkremotely,https://weworkremotely.com/remote-jobs/proxify-ab-senior-sharepoint-developer-4
Senior Microsoft Power BI Developer,Proxify AB,Sweden,"Featured, Top 100, Full-Time, Anywhere in the World",Senior Microsoft Power BI Developer 7d Proxify AB Sweden Featured Top 100 Full-Time Anywhere in the World,weworkremotely,https://weworkremotely.com/remote-jobs/proxify-ab-senior-microsoft-power-bi-developer-5
Senior Python AI Engineer,Proxify AB,Sweden,"Featured, Top 100, Full-Time, Anywhere in the World",Senior Python AI Engineer 7d Proxify AB Sweden Featured Top 100 Full-Time Anywhere in the World,weworkremotely,https://weworkremotely.com/remote-jobs/proxify-ab-senior-python-ai-engineer-3
AI Development Advisor,NewtonX,"New York, NY","Featured, Contract, Anywhere in the World","AI Development Advisor 10d NewtonX New York, NY Featured Contract Anywhere in the World",weworkremotely,https://weworkremotely.com/remote-jobs/newtonx-ai-development-advisor
Content Writer Course,OnTheGoSystems,Remote,"Featured, Top 100, Full-Time, Anywhere in the World",Content Writer Course 14d OnTheGoSystems Remote Featured Top 100 Full-Time Anywhere in the World,weworkremotely,https://weworkremotely.com/remote-jobs/onthegosystems-content-writer-course
Remote Data Entry Clerk,NoGigiddy,"Atlanta, Georgia","Featured, Top 100, Contract, Anywhere in the World","Remote Data Entry Clerk 14d NoGigiddy Atlanta, Georgia Featured Top 100 Contract Anywhere in the World",weworkremotely,https://weworkremotely.com/remote-jobs/nogigiddy-remote-data-entry-clerk-7
AI Trainer (Multiple Roles) | $50-$200/hr,Helix Recruit,Remote,"Featured, Contract, $100,000 or more USD, Anywhere in the World","AI Trainer (Multiple Roles) | $50-$200/hr 14d Helix Recruit Remote Featured Contract $100,000 or more USD Anywhere in the World",weworkremotely,https://weworkremotely.com/remote-jobs/helix-recruit-ai-trainer-multiple-roles-50-200-hr-3
Virtual Assistant,Toptal,Remote,"Featured, Top 100, Contract, Anywhere in the World",Virtual Assistant 17d Toptal Remote Featured Top 100 Contract Anywhere in the World,weworkremotely,https://weworkremotely.com/remote-jobs/toptal-virtual-assistant
Personal Assistant,Toptal,Remote,"Featured, Top 100, Contract, Anywhere in the World",Personal Assistant 17d Toptal Remote Featured Top 100 Contract Anywhere in the World,weworkremotely,https://weworkremotely.com/remote-jobs/toptal-personal-assistant
Executive Assistant,Toptal,Remote,"Featured, Top 100, Contract, Anywhere in the World",Executive Assistant 17d Toptal Remote Featured Top 100 Contract Anywhere in the World,weworkremotely,https://weworkremotely.com/remote-jobs/toptal-executive-assistant
Customer Service Representative,Toptal,Remote,"Featured, Top 100, Contract, Anywhere in the World",Customer Service Representative 17d Toptal Remote Featured Top 100 Contract Anywhere in the World,weworkremotely,https://weworkremotely.com/remote-jobs/toptal-customer-service-representative
FT/PT Remote AI Prompt Engineering & Evaluation - Will Train,DataAnnotation.tech,"New York, NY","Featured, Contract, North America Only, EMEA Only, Asia Only","FT/PT Remote AI Prompt Engineering & Evaluation - Will Train 18d DataAnnotation.tech New York, NY Featured Contract North America Only EMEA Only Asia Only",weworkremotely,https://weworkremotely.com/remote-jobs/dataannotation-tech-ft-pt-remote-ai-prompt-engineering-evaluation-will-train
Strategic IT Advisor,NewtonX,"New York, NY","Featured, Contract, Anywhere in the World","Strategic IT Advisor 19d NewtonX New York, NY Featured Contract Anywhere in the World",weworkremotely,https://weworkremotely.com/remote-jobs/newtonx-strategic-it-advisor-2
Junior Crypto Analyst & Trader,Elemental Terra,Elemental Terra,"Featured, Full-Time, $50,000 - $74,999 USD, Anywhere in the World","Junior Crypto Analyst & Trader 19d Elemental Terra Elemental Terra Featured Full-Time $50,000 - $74,999 USD Anywhere in the World",weworkremotely,https://weworkremotely.com/remote-jobs/elemental-terra-junior-crypto-analyst-trader
AI Internet Rater - English (United States),Welo Data,"New York, NY","Featured, Contract, Anywhere in the World","AI Internet Rater - English (United States) 19d Welo Data New York, NY Featured Contract Anywhere in the World",weworkremotely,https://weworkremotely.com/remote-jobs/welo-data-ai-internet-rater-english-united-states
Senior Machine Learning Engineer,Zencastr,Zencastr,"Featured, Full-Time, Anywhere in the World",Senior Machine Learning Engineer 19d Zencastr Zencastr Featured Full-Time Anywhere in the World,weworkremotely,https://weworkremotely.com/remote-jobs/zencastr-senior-machine-learning-engineer
Investor Onboarding Specialist â€“ Private Equity Real Estate,Walter,Remote,"Featured, Pro, Full-Time, Anywhere in the World",Investor Onboarding Specialist â€“ Private Equity Real Estate 20d Walter Remote Featured Pro Full-Time Anywhere in the World,weworkremotely,https://weworkremotely.com/remote-jobs/walter-investor-onboarding-specialist-private-equity-real-estate-1
Online English Teacher,Native Camp,Japan,"Featured, Pro, Contract, Anywhere in the World",Online English Teacher 20d Native Camp Japan Featured Pro Contract Anywhere in the World,weworkremotely,https://weworkremotely.com/remote-jobs/native-camp-online-english-teacher-30
Managing Editor,The Swiftest,San Francisco,"Featured, Full-Time, $75,000 - $99,999 USD, Anywhere in the World","Managing Editor 20d The Swiftest San Francisco Featured Full-Time $75,000 - $99,999 USD Anywhere in the World",weworkremotely,https://weworkremotely.com/remote-jobs/the-swiftest-managing-editor
Project Manager,Spiralyze,"Atlanta, Georgia","Featured, Pro, Full-Time, Anywhere in the World","Project Manager New Spiralyze Atlanta, Georgia Featured Pro Full-Time Anywhere in the World",weworkremotely,https://weworkremotely.com/remote-jobs/spiralyze-project-manager
Business Analyst,Elite Software Automation,Virtual,"Featured, Pro, Full-Time, $100,000 or more USD, Anywhere in the World","Business Analyst 7d Elite Software Automation Virtual Featured Pro Full-Time $100,000 or more USD Anywhere in the World",weworkremotely,https://weworkremotely.com/remote-jobs/elite-software-automation-business-analyst-1
Marketing Automation SaaS + Services Line of Business Owner,New Law Business Model,"Boulder, CO","Full-Time, Anywhere in the World","Marketing Automation SaaS + Services Line of Business Owner New New Law Business Model Boulder, CO Full-Time Anywhere in the World",weworkremotely,https://weworkremotely.com/remote-jobs/new-law-business-model-marketing-automation-saas-services-line-of-business-owner
Forex & Crypto Trader â€“ Remote,Maverick Trading,"Salt Lake City, UT, USA","Pro, Contract, $75,000 - $99,999 USD, Anywhere in the World","Forex & Crypto Trader â€“ Remote New Maverick Trading Salt Lake City, UT, USA Pro Contract $75,000 - $99,999 USD Anywhere in the World",weworkremotely,https://weworkremotely.com/remote-jobs/maverick-trading-forex-crypto-trader-remote-1
"Excel / Financial Analyst (PNL, Margins, Inventory) â€“ Full-Time Remote (Zoom + Screen Share)",B&R Food Services,California,"Full-Time, $25,000 - $48,999 USD, Anywhere in the World","Excel / Financial Analyst (PNL, Margins, Inventory) â€“ Full-Time Remote (Zoom + Screen Share) New B&R Food Services California Full-Time $25,000 - $48,999 USD Anywhere in the World",weworkremotely,https://weworkremotely.com/remote-jobs/b-r-food-services-excel-financial-analyst-pnl-margins-inventory-full-time-remote-zoom
"Programmer Analyst, Student Finance Systems",Devry University,United States,"Full-Time, Anywhere in the World","Programmer Analyst, Student Finance Systems 3d Devry University United States Full-Time Anywhere in the World",weworkremotely,https://weworkremotely.com/remote-jobs/devry-university-programmer-analyst-student-finance-systems
Iowa Clinical Investigator Consultant - Must Reside in Iowa,Sun Life,U.S. Employees (Remote),Full-Time,Iowa Clinical Investigator Consultant - Must Reside in Iowa 3d Sun Life U.S. Employees (Remote) Full-Time,weworkremotely,https://weworkremotely.com/remote-jobs/sun-life-iowa-clinical-investigator-consultant-must-reside-in-iowa
Sr. Financial Planning Strategist,Advisor Group,"Scottsdale, AZ",Full-Time,"Sr. Financial Planning Strategist 3d Advisor Group Scottsdale, AZ Full-Time",weworkremotely,https://weworkremotely.com/remote-jobs/advisor-group-sr-financial-planning-strategist
Assoc Analyst Technology,Medline,REMOTE- Illinois,Full-Time,Assoc Analyst Technology 3d Medline REMOTE- Illinois Full-Time,weworkremotely,https://weworkremotely.com/remote-jobs/medline-assoc-analyst-technology
Financial Advisor - San Francisco and Peninsula,Corebridge Financial,Remote-CA,"Full-Time, Anywhere in the World",Financial Advisor - San Francisco and Peninsula 3d Corebridge Financial Remote-CA Full-Time Anywhere in the World,weworkremotely,https://weworkremotely.com/remote-jobs/corebridge-financial-financial-advisor-san-francisco-and-peninsula
Head of M&A Integrations,Kraken,California,"Full-Time, $100,000 or more USD, Anywhere in the World","Head of M&A Integrations 3d Kraken California Full-Time $100,000 or more USD Anywhere in the World",weworkremotely,https://weworkremotely.com/remote-jobs/kraken-head-of-m-a-integrations
Business Intelligence & Strategy â€“ Senior Analyst,Sophos,United States / Canada,"Full-Time, Anywhere in the World",Business Intelligence & Strategy â€“ Senior Analyst 4d Sophos United States / Canada Full-Time Anywhere in the World,weworkremotely,https://weworkremotely.com/remote-jobs/sophos-business-intelligence-strategy-senior-analyst
Senior Dev Fullstack com IA - Remoto,Capco,Brazil - Sao Paulo,Full-Time,Senior Dev Fullstack com IA - Remoto 4d Capco Brazil - Sao Paulo Full-Time,weworkremotely,https://weworkremotely.com/remote-jobs/capco-senior-dev-fullstack-com-ia-remoto
Senior Financial Systems Analyst,Woods Hole Oceanographic Institution,Remote,"Full-Time, Anywhere in the World",Senior Financial Systems Analyst 4d Woods Hole Oceanographic Institution Remote Full-Time Anywhere in the World,weworkremotely,https://weworkremotely.com/remote-jobs/woods-hole-oceanographic-institution-senior-financial-systems-analyst
Engineer Surveyor - Lift and Crane Talent Pool,Allianz,United Kingdom,"Full-Time, Anywhere in the World",Engineer Surveyor - Lift and Crane Talent Pool 4d Allianz United Kingdom Full-Time Anywhere in the World,weworkremotely,https://weworkremotely.com/remote-jobs/allianz-engineer-surveyor-lift-and-crane-talent-pool
M&T Equipment Finance Relationship Manager - Northern CA,M&T Bank,"Remote, USA","Full-Time, Anywhere in the World","M&T Equipment Finance Relationship Manager - Northern CA 4d M&T Bank Remote, USA Full-Time Anywhere in the World",weworkremotely,https://weworkremotely.com/remote-jobs/m-t-bank-m-t-equipment-finance-relationship-manager-northern-ca
"Account Executive, Field - Minneapolis, Minnesota",Cars.com,Remote - Minnesota,Full-Time,"Account Executive, Field - Minneapolis, Minnesota 6d Cars.com Remote - Minnesota Full-Time",weworkremotely,https://weworkremotely.com/remote-jobs/cars-com-account-executive-field-minneapolis-minnesota
Trade Finance Professional,Euro Exim Bank,Remote,"Full-Time, Anywhere in the World",Trade Finance Professional 6d Euro Exim Bank Remote Full-Time Anywhere in the World,weworkremotely,https://weworkremotely.com/remote-jobs/euro-exim-bank-trade-finance-professional-1
Data Engineer,Public Partnerships,US NY Remote,Full-Time,Data Engineer 6d Public Partnerships US NY Remote Full-Time,weworkremotely,https://weworkremotely.com/remote-jobs/public-partnerships-data-engineer
Open Application: Explore Your Future with Kunai,Kunai,"Chicago, Illinois, United States; London, England, United Kingdom; Mexico City, Mexico City, Mexico; Remote - Mexico; Remote - United States / Canada; San Francisco, California, United States",Full-Time,"Open Application: Explore Your Future with Kunai 6d Kunai Chicago, Illinois, United States; London, England, United Kingdom; Mexico City, Mexico City, Mexico; Remote - Mexico; Remote - United States / Canada; San Francisco, California, United States Full-Time",weworkremotely,https://weworkremotely.com/remote-jobs/kunai-open-application-explore-your-future-with-kunai
"Remote Sales ( $100K+, Training Provided, No Cold Calls )",Meron Financial Agency,"Anchorage, AR",Full-Time,"Remote Sales ( $100K+, Training Provided, No Cold Calls ) 6d Meron Financial Agency Anchorage, AR Full-Time",weworkremotely,https://weworkremotely.com/remote-jobs/meron-financial-agency-remote-sales-100k-training-provided-no-cold-calls
Head of Inventory Finance & Purchasing,Creative Chaos,Pakistan,"Full-Time, Anywhere in the World",Head of Inventory Finance & Purchasing 10d Creative Chaos Pakistan Full-Time Anywhere in the World,weworkremotely,https://weworkremotely.com/remote-jobs/creative-chaos-head-of-inventory-finance-purchasing
Sales Executive,Wesley Finance Group,Remote,Full-Time,Sales Executive 10d Wesley Finance Group Remote Full-Time,weworkremotely,https://weworkremotely.com/remote-jobs/wesley-finance-group-sales-executive
Loan Servicing Representative (Remote $18.25/Hour + Monthly Bonus),Exeter Finance,1401 - Remote DFW,Full-Time,Loan Servicing Representative (Remote $18.25/Hour + Monthly Bonus) 10d Exeter Finance 1401 - Remote DFW Full-Time,weworkremotely,https://weworkremotely.com/remote-jobs/exeter-finance-loan-servicing-representative-remote-18-25-hour-monthly-bonus
Commercial Account Executive,Chainalysis,New Jersey,"Full-Time, Anywhere in the World",Commercial Account Executive 9d Chainalysis New Jersey Full-Time Anywhere in the World,weworkremotely,https://weworkremotely.com/remote-jobs/chainalysis-commercial-account-executive
Full Stack Engineer with AI Coding expertise for SaaS Platform,Summedd,New York,"Featured, Full-Time, Anywhere in the World",Full Stack Engineer with AI Coding expertise for SaaS Platform New Summedd New York Featured Full-Time Anywhere in the World,weworkremotely,https://weworkremotely.com/remote-jobs/summedd-full-stack-engineer-with-ai-coding-expertise-for-saas-platform
Software engineer,Sticker Mule,"New York, NY","Featured, Top 100, Full-Time, $100,000 or more USD, ðŸ‡¦ðŸ‡± Albania, ðŸ‡¦ðŸ‡¹ Austria, ðŸ‡§ðŸ‡ª Belgium, ðŸ‡§ðŸ‡¬ Bulgaria, ðŸ‡¨ðŸ‡¾ Cyprus, ðŸ‡¨ðŸ‡¿ Czechia, ðŸ‡©ðŸ‡ª Germany, ðŸ‡©ðŸ‡° Denmark, ðŸ‡ªðŸ‡ª Estonia, ðŸ‡ªðŸ‡¸ Spain, ðŸ‡«ðŸ‡® Finland, ðŸ‡«ðŸ‡· France, ðŸ‡¬ðŸ‡· Greece, ðŸ‡­ðŸ‡· Croatia, ðŸ‡­ðŸ‡º Hungary, ðŸ‡®ðŸ‡ª Ireland, ðŸ‡®ðŸ‡¹ Italy, ðŸ‡±ðŸ‡¹ Lithuania, ðŸ‡±ðŸ‡º Luxembourg, ðŸ‡±ðŸ‡» Latvia, ðŸ‡²ðŸ‡¹ Malta, ðŸ‡³ðŸ‡± Netherlands, ðŸ‡µðŸ‡± Poland, ðŸ‡µðŸ‡¹ Portugal, ðŸ‡·ðŸ‡´ Romania, ðŸ‡¸ðŸ‡ª Sweden, ðŸ‡¸ðŸ‡® Slovenia, ðŸ‡¸ðŸ‡° Slovakia","Software engineer New Sticker Mule New York, NY Featured Top 100 Full-Time $100,000 or more USD ðŸ‡¦ðŸ‡± Albania ðŸ‡¦ðŸ‡¹ Austria ðŸ‡§ðŸ‡ª Belgium ðŸ‡§ðŸ‡¬ Bulgaria ðŸ‡¨ðŸ‡¾ Cyprus ðŸ‡¨ðŸ‡¿ Czechia ðŸ‡©ðŸ‡ª Germany ðŸ‡©ðŸ‡° Denmark ðŸ‡ªðŸ‡ª Estonia ðŸ‡ªðŸ‡¸ Spain ðŸ‡«ðŸ‡® Finland ðŸ‡«ðŸ‡· France ðŸ‡¬ðŸ‡· Greece ðŸ‡­ðŸ‡· Croatia ðŸ‡­ðŸ‡º Hungary ðŸ‡®ðŸ‡ª Ireland ðŸ‡®ðŸ‡¹ Italy ðŸ‡±ðŸ‡¹ Lithuania ðŸ‡±ðŸ‡º Luxembourg ðŸ‡±ðŸ‡» Latvia ðŸ‡²ðŸ‡¹ Malta ðŸ‡³ðŸ‡± Netherlands ðŸ‡µðŸ‡± Poland ðŸ‡µðŸ‡¹ Portugal ðŸ‡·ðŸ‡´ Romania ðŸ‡¸ðŸ‡ª Sweden ðŸ‡¸ðŸ‡® Slovenia ðŸ‡¸ðŸ‡° Slovakia",weworkremotely,https://weworkremotely.com/remote-jobs/sticker-mule-software-engineer-2
Full-Stack Python Web Developer,silverorange,"Charlottetown, PE","Featured, Full-Time, ðŸ‡¨ðŸ‡¦ Canada","Full-Stack Python Web Developer 4d silverorange Charlottetown, PE Featured Full-Time ðŸ‡¨ðŸ‡¦ Canada",weworkremotely,https://weworkremotely.com/remote-jobs/silverorange-full-stack-python-web-developer
Senior Fullstack Developer (Python),Proxify AB,Sweden,"Featured, Top 100, Full-Time, Anywhere in the World",Senior Fullstack Developer (Python) 7d Proxify AB Sweden Featured Top 100 Full-Time Anywhere in the World,weworkremotely,https://weworkremotely.com/remote-jobs/proxify-ab-senior-fullstack-developer-python-2
Senior Ruby on Rails Developer,OnTheGoSystems,Remote,"Featured, Top 100, Full-Time, ðŸ‡¦ðŸ‡± Albania, ðŸ‡¦ðŸ‡¿ Azerbaijan, ðŸ‡§ðŸ‡¦ Bosnia and Herzegovina, ðŸ‡§ðŸ‡¬ Bulgaria, ðŸ‡§ðŸ‡¾ Belarus, ðŸ‡¨ðŸ‡¿ Czechia, ðŸ‡ªðŸ‡¬ Egypt, ðŸ‡ªðŸ‡¸ Spain, ðŸ‡¬ðŸ‡ª Georgia, ðŸ‡¬ðŸ‡· Greece, ðŸ‡­ðŸ‡· Croatia, ðŸ‡­ðŸ‡º Hungary, ðŸ‡®ðŸ‡¹ Italy, ðŸ‡±ðŸ‡» Latvia, ðŸ‡²ðŸ‡© Moldova (Republic of), ðŸ‡²ðŸ‡ª Montenegro, ðŸ‡²ðŸ‡° North Macedonia, ðŸ‡µðŸ‡± Poland, ðŸ‡µðŸ‡¹ Portugal, ðŸ‡·ðŸ‡´ Romania, ðŸ‡·ðŸ‡¸ Serbia, ðŸ‡·ðŸ‡º Russian Federation, ðŸ‡¸ðŸ‡° Slovakia, ðŸ‡ºðŸ‡¦ Ukraine",Senior Ruby on Rails Developer 10d OnTheGoSystems Remote Featured Top 100 Full-Time ðŸ‡¦ðŸ‡± Albania ðŸ‡¦ðŸ‡¿ Azerbaijan ðŸ‡§ðŸ‡¦ Bosnia and Herzegovina ðŸ‡§ðŸ‡¬ Bulgaria ðŸ‡§ðŸ‡¾ Belarus ðŸ‡¨ðŸ‡¿ Czechia ðŸ‡ªðŸ‡¬ Egypt ðŸ‡ªðŸ‡¸ Spain ðŸ‡¬ðŸ‡ª Georgia ðŸ‡¬ðŸ‡· Greece ðŸ‡­ðŸ‡· Croatia ðŸ‡­ðŸ‡º Hungary ðŸ‡®ðŸ‡¹ Italy ðŸ‡±ðŸ‡» Latvia ðŸ‡²ðŸ‡© Moldova (Republic of) ðŸ‡²ðŸ‡ª Montenegro ðŸ‡²ðŸ‡° North Macedonia ðŸ‡µðŸ‡± Poland ðŸ‡µðŸ‡¹ Portugal ðŸ‡·ðŸ‡´ Romania ðŸ‡·ðŸ‡¸ Serbia ðŸ‡·ðŸ‡º Russian Federation ðŸ‡¸ðŸ‡° Slovakia ðŸ‡ºðŸ‡¦ Ukraine,weworkremotely,https://weworkremotely.com/remote-jobs/onthegosystems-senior-ruby-on-rails-developer-1
Full stack developer for a unique company,Cliniko,"Melbourne, Australia.","Featured, Full-Time, Anywhere in the World","Full stack developer for a unique company 14d Cliniko Melbourne, Australia. Featured Full-Time Anywhere in the World",weworkremotely,https://weworkremotely.com/remote-jobs/cliniko-full-stack-developer-for-a-unique-company
Senior Fullstack Developer,Zencastr,Zencastr,"Featured, Full-Time, Anywhere in the World",Senior Fullstack Developer 18d Zencastr Zencastr Featured Full-Time Anywhere in the World,weworkremotely,https://weworkremotely.com/remote-jobs/zencastr-senior-fullstack-developer
Senior Software Engineer,WALTER,Remote,"Featured, Pro, Full-Time, $50,000 - $74,999 USD, Anywhere in the World","Senior Software Engineer 24d WALTER Remote Featured Pro Full-Time $50,000 - $74,999 USD Anywhere in the World",weworkremotely,https://weworkremotely.com/remote-jobs/walter-senior-software-engineer
Senior Software Engineer,fonio,"Vienna, Austria","Full-Time, $100,000 or more USD, Anywhere in the World","Senior Software Engineer New fonio Vienna, Austria Full-Time $100,000 or more USD Anywhere in the World",weworkremotely,https://weworkremotely.com/remote-jobs/fonio-senior-software-engineer
Business Analyst - Latin America,Azumo,"Buenos Aires, Argentina",Full-Time,"Business Analyst - Latin America 4d Azumo Buenos Aires, Argentina Full-Time",weworkremotely,https://weworkremotely.com/remote-jobs/azumo-business-analyst-latin-america
Oracle APEX Developer,Michael Baker International,United States,Full-Time,Oracle APEX Developer 4d Michael Baker International United States Full-Time,weworkremotely,https://weworkremotely.com/remote-jobs/michael-baker-international-oracle-apex-developer
UX Content Analyst,Mobbin,Indonesia,Full-Time,UX Content Analyst 4d Mobbin Indonesia Full-Time,weworkremotely,https://weworkremotely.com/remote-jobs/mobbin-ux-content-analyst
Python AI Engineer,DeweyLearn Inc.,"New York, USA","Full-Time, ðŸ‡¦ðŸ‡© Andorra, ðŸ‡¦ðŸ‡± Albania, ðŸ‡¦ðŸ‡· Argentina, ðŸ‡§ðŸ‡¦ Bosnia and Herzegovina, ðŸ‡§ðŸ‡ª Belgium, ðŸ‡§ðŸ‡¬ Bulgaria, ðŸ‡§ðŸ‡· Brazil, ðŸ‡¨ðŸ‡¦ Canada, ðŸ‡¨ðŸ‡­ Switzerland, ðŸ‡¨ðŸ‡± Chile, ðŸ‡¨ðŸ‡· Costa Rica, ðŸ‡¨ðŸ‡¾ Cyprus, ðŸ‡¨ðŸ‡¿ Czechia, ðŸ‡©ðŸ‡ª Germany, ðŸ‡©ðŸ‡° Denmark, ðŸ‡ªðŸ‡¨ Ecuador, ðŸ‡ªðŸ‡ª Estonia, ðŸ‡ªðŸ‡¸ Spain, ðŸ‡«ðŸ‡® Finland, ðŸ‡«ðŸ‡´ Faroe Islands, ðŸ‡«ðŸ‡· France, ðŸ‡¬ðŸ‡§ United Kingdom of Great Britain and Northern Ireland, ðŸ‡¬ðŸ‡® Gibraltar, ðŸ‡¬ðŸ‡± Greenland, ðŸ‡¬ðŸ‡· Greece, ðŸ‡¬ðŸ‡¹ Guatemala, ðŸ‡­ðŸ‡³ Honduras, ðŸ‡­ðŸ‡· Croatia, ðŸ‡­ðŸ‡º Hungary, ðŸ‡®ðŸ‡ª Ireland, ðŸ‡®ðŸ‡² Isle of Man, ðŸ‡®ðŸ‡¸ Iceland, ðŸ‡®ðŸ‡¹ Italy, ðŸ‡±ðŸ‡® Liechtenstein, ðŸ‡±ðŸ‡¹ Lithuania, ðŸ‡±ðŸ‡º Luxembourg, ðŸ‡±ðŸ‡» Latvia, ðŸ‡²ðŸ‡¨ Monaco, ðŸ‡²ðŸ‡ª Montenegro, ðŸ‡²ðŸ‡° North Macedonia, ðŸ‡²ðŸ‡¹ Malta, ðŸ‡²ðŸ‡½ Mexico, ðŸ‡³ðŸ‡± Netherlands, ðŸ‡³ðŸ‡´ Norway, ðŸ‡µðŸ‡¦ Panama, ðŸ‡µðŸ‡ª Peru, ðŸ‡µðŸ‡¹ Portugal, ðŸ‡µðŸ‡¾ Paraguay, ðŸ‡·ðŸ‡´ Romania, ðŸ‡·ðŸ‡¸ Serbia, ðŸ‡¸ðŸ‡ª Sweden, ðŸ‡¸ðŸ‡® Slovenia, ðŸ‡¸ðŸ‡¯ Svalbard and Jan Mayen, ðŸ‡¸ðŸ‡° Slovakia, ðŸ‡¸ðŸ‡² San Marino, ðŸ‡¸ðŸ‡» El Salvador, ðŸ‡ºðŸ‡¸ United States of America, ðŸ‡ºðŸ‡¾ Uruguay","Python AI Engineer 4d DeweyLearn Inc. New York, USA Full-Time ðŸ‡¦ðŸ‡© Andorra ðŸ‡¦ðŸ‡± Albania ðŸ‡¦ðŸ‡· Argentina ðŸ‡§ðŸ‡¦ Bosnia and Herzegovina ðŸ‡§ðŸ‡ª Belgium ðŸ‡§ðŸ‡¬ Bulgaria ðŸ‡§ðŸ‡· Brazil ðŸ‡¨ðŸ‡¦ Canada ðŸ‡¨ðŸ‡­ Switzerland ðŸ‡¨ðŸ‡± Chile ðŸ‡¨ðŸ‡· Costa Rica ðŸ‡¨ðŸ‡¾ Cyprus ðŸ‡¨ðŸ‡¿ Czechia ðŸ‡©ðŸ‡ª Germany ðŸ‡©ðŸ‡° Denmark ðŸ‡ªðŸ‡¨ Ecuador ðŸ‡ªðŸ‡ª Estonia ðŸ‡ªðŸ‡¸ Spain ðŸ‡«ðŸ‡® Finland ðŸ‡«ðŸ‡´ Faroe Islands ðŸ‡«ðŸ‡· France ðŸ‡¬ðŸ‡§ United Kingdom of Great Britain and Northern Ireland ðŸ‡¬ðŸ‡® Gibraltar ðŸ‡¬ðŸ‡± Greenland ðŸ‡¬ðŸ‡· Greece ðŸ‡¬ðŸ‡¹ Guatemala ðŸ‡­ðŸ‡³ Honduras ðŸ‡­ðŸ‡· Croatia ðŸ‡­ðŸ‡º Hungary ðŸ‡®ðŸ‡ª Ireland ðŸ‡®ðŸ‡² Isle of Man ðŸ‡®ðŸ‡¸ Iceland ðŸ‡®ðŸ‡¹ Italy ðŸ‡±ðŸ‡® Liechtenstein ðŸ‡±ðŸ‡¹ Lithuania ðŸ‡±ðŸ‡º Luxembourg ðŸ‡±ðŸ‡» Latvia ðŸ‡²ðŸ‡¨ Monaco ðŸ‡²ðŸ‡ª Montenegro ðŸ‡²ðŸ‡° North Macedonia ðŸ‡²ðŸ‡¹ Malta ðŸ‡²ðŸ‡½ Mexico ðŸ‡³ðŸ‡± Netherlands ðŸ‡³ðŸ‡´ Norway ðŸ‡µðŸ‡¦ Panama ðŸ‡µðŸ‡ª Peru ðŸ‡µðŸ‡¹ Portugal ðŸ‡µðŸ‡¾ Paraguay ðŸ‡·ðŸ‡´ Romania ðŸ‡·ðŸ‡¸ Serbia ðŸ‡¸ðŸ‡ª Sweden ðŸ‡¸ðŸ‡® Slovenia ðŸ‡¸ðŸ‡¯ Svalbard and Jan Mayen ðŸ‡¸ðŸ‡° Slovakia ðŸ‡¸ðŸ‡² San Marino ðŸ‡¸ðŸ‡» El Salvador ðŸ‡ºðŸ‡¸ United States of America ðŸ‡ºðŸ‡¾ Uruguay",weworkremotely,https://weworkremotely.com/remote-jobs/deweylearn-inc-python-ai-engineer
Senior Software Engineer,Stellar AI,London,"Contract, Anywhere in the World",Senior Software Engineer 4d Stellar AI London Contract Anywhere in the World,weworkremotely,https://weworkremotely.com/remote-jobs/stellar-ai-senior-software-engineer
Test Engineer,Dusk Labs,Anywhere in the World,"Full-Time, Anywhere in the World",Test Engineer 7d Dusk Labs Full-Time Anywhere in the World,weworkremotely,https://weworkremotely.com/remote-jobs/dusk-labs-test-engineer
Full-Stack Engineer,DynamiCare Health,"Boston, MA, USA","Full-Time, $100,000 or more USD, ðŸ‡ºðŸ‡¸ United States of America","Full-Stack Engineer 9d DynamiCare Health Boston, MA, USA Full-Time $100,000 or more USD ðŸ‡ºðŸ‡¸ United States of America",weworkremotely,https://weworkremotely.com/remote-jobs/dynamicare-health-full-stack-engineer
"Development Contractors (Full Stack, Front-End, Back-End)",Yoko Co,"McLean, VA","Top 100, Contract, Anywhere in the World","Development Contractors (Full Stack, Front-End, Back-End) 9d Yoko Co McLean, VA Top 100 Contract Anywhere in the World",weworkremotely,https://weworkremotely.com/remote-jobs/yoko-co-development-contractors-full-stack-front-end-back-end
PHP Web Application Developer (API),EBG,"Miami, FL, USA",Full-Time,"PHP Web Application Developer (API) 10d EBG Miami, FL, USA Full-Time",weworkremotely,https://weworkremotely.com/remote-jobs/ebg-php-web-application-developer-api
"Senior Frontend Software Developer (m/w/d) - React, GraphQL & Progressive Web Apps (PWA)",ORGA-SOFT,"Mainz, Remote",Full-Time,"Senior Frontend Software Developer (m/w/d) - React, GraphQL & Progressive Web Apps (PWA) 10d ORGA-SOFT Mainz, Remote Full-Time",weworkremotely,https://weworkremotely.com/remote-jobs/orga-soft-senior-frontend-software-developer-m-w-d-react-graphql-progressive-web-apps-pwa
Donor Communications Specialist,WeVote,Remote,Full-Time,Donor Communications Specialist 10d WeVote Remote Full-Time,weworkremotely,https://weworkremotely.com/remote-jobs/wevote-donor-communications-specialist
Senior Software Engineer,Akamai,United States,"Full-Time, Anywhere in the World",Senior Software Engineer 10d Akamai United States Full-Time Anywhere in the World,weworkremotely,https://weworkremotely.com/remote-jobs/akamai-senior-software-engineer
Sdet,Cotiviti,"Remote, India","Full-Time, Anywhere in the World","Sdet 10d Cotiviti Remote, India Full-Time Anywhere in the World",weworkremotely,https://weworkremotely.com/remote-jobs/cotiviti-sdet-1
Web Application Engineer (Remote - Mexico Only),Varicent,"Aguascalientes, Mexico","Full-Time, Anywhere in the World","Web Application Engineer (Remote - Mexico Only) 10d Varicent Aguascalientes, Mexico Full-Time Anywhere in the World",weworkremotely,https://weworkremotely.com/remote-jobs/varicent-web-application-engineer-remote-mexico-only
Web Developer (React/Angular|Responsive & Accessible Web Application),Agility Technologies,"Reston, VA 20190",Full-Time,"Web Developer (React/Angular|Responsive & Accessible Web Application) 10d Agility Technologies Reston, VA 20190 Full-Time",weworkremotely,https://weworkremotely.com/remote-jobs/agility-technologies-web-developer-react-angular-responsive-accessible-web-application
Senior Java Full-stack Developer,Lemon.io,"New York, NY","Top 100, Full-Time, Anywhere in the World","Senior Java Full-stack Developer 11d Lemon.io New York, NY Top 100 Full-Time Anywhere in the World",weworkremotely,https://weworkremotely.com/remote-jobs/lemon-io-senior-java-full-stack-developer
Front-End Web Developer,silverorange,"Charlottetown, PE","Featured, Full-Time, ðŸ‡¨ðŸ‡¦ Canada","Front-End Web Developer 4d silverorange Charlottetown, PE Featured Full-Time ðŸ‡¨ðŸ‡¦ Canada",weworkremotely,https://weworkremotely.com/remote-jobs/silverorange-front-end-web-developer-1
Expert React developer for a unique company,Cliniko,"Melbourne, Australia.","Featured, Full-Time, Anywhere in the World","Expert React developer for a unique company 14d Cliniko Melbourne, Australia. Featured Full-Time Anywhere in the World",weworkremotely,https://weworkremotely.com/remote-jobs/cliniko-expert-react-developer-for-a-unique-company
"Technical Project Manager - Atlanta, GA",AHU Technologies,"Washington, DC 20009",Full-Time,"Technical Project Manager - Atlanta, GA New AHU Technologies Washington, DC 20009 Full-Time",weworkremotely,https://weworkremotely.com/remote-jobs/ahu-technologies-technical-project-manager-atlanta-ga
Senior Trainer DC,AHU Technologies,"Washington, DC 20009",Full-Time,"Senior Trainer DC New AHU Technologies Washington, DC 20009 Full-Time",weworkremotely,https://weworkremotely.com/remote-jobs/ahu-technologies-senior-trainer-dc
Front-End Developer,Bright Vision Technologies,Remote,Full-Time,Front-End Developer 4d Bright Vision Technologies Remote Full-Time,weworkremotely,https://weworkremotely.com/remote-jobs/bright-vision-technologies-front-end-developer
Frontend Web Development Grader - BYU-Pathway Worldwide,The Church of Jesus Christ of Latter-day Saints,"Sao Paulo, SP, Brazil",Full-Time,"Frontend Web Development Grader - BYU-Pathway Worldwide 4d The Church of Jesus Christ of Latter-day Saints Sao Paulo, SP, Brazil Full-Time",weworkremotely,https://weworkremotely.com/remote-jobs/the-church-of-jesus-christ-of-latter-day-saints-frontend-web-development-grader-byu-pathway-worldwide-1
"Business Analyst- Chicago, IL",AHU Technologies,"Washington, DC 20009",Full-Time,"Business Analyst- Chicago, IL 4d AHU Technologies Washington, DC 20009 Full-Time",weworkremotely,https://weworkremotely.com/remote-jobs/ahu-technologies-business-analyst-chicago-il
Data Engineer,ALIQAN Technologies,Bangalore,"Full-Time, Anywhere in the World",Data Engineer 9d ALIQAN Technologies Bangalore Full-Time Anywhere in the World,weworkremotely,https://weworkremotely.com/remote-jobs/aliqan-technologies-data-engineer
UNPAID VOLUNTEER - Web Developer,Blockchain & Climate Institute,"New York, United States",Full-Time,"UNPAID VOLUNTEER - Web Developer 9d Blockchain & Climate Institute New York, United States Full-Time",weworkremotely,https://weworkremotely.com/remote-jobs/blockchain-climate-institute-unpaid-volunteer-web-developer
Senior Next.js Developer,Proxify AB,Sweden,"Top 100, Full-Time, Anywhere in the World",Senior Next.js Developer 11d Proxify AB Sweden Top 100 Full-Time Anywhere in the World,weworkremotely,https://weworkremotely.com/remote-jobs/proxify-ab-senior-next-js-developer-5
Frontend Engineer,Mobena,"New York, NY","Full-Time, $75,000 - $99,999 USD, ðŸ‡ºðŸ‡¸ United States of America","Frontend Engineer 12d Mobena New York, NY Full-Time $75,000 - $99,999 USD ðŸ‡ºðŸ‡¸ United States of America",weworkremotely,https://weworkremotely.com/remote-jobs/mobena-frontend-engineer
Full Stack Web Developer - Electronic Arts [EA260130],Hatch Innovations Canada,"BC, CA",Full-Time,"Full Stack Web Developer - Electronic Arts [EA260130] 13d Hatch Innovations Canada BC, CA Full-Time",weworkremotely,https://weworkremotely.com/remote-jobs/hatch-innovations-canada-full-stack-web-developer-electronic-arts-ea260130
QA/Scrum Master,AHU Technologies,"Washington, DC 20009",Full-Time,"QA/Scrum Master 13d AHU Technologies Washington, DC 20009 Full-Time",weworkremotely,https://weworkremotely.com/remote-jobs/ahu-technologies-qa-scrum-master
"Network Engineer - Tallahassee, FL",AHU Technologies,"Washington, DC 20009",Full-Time,"Network Engineer - Tallahassee, FL 12d AHU Technologies Washington, DC 20009 Full-Time",weworkremotely,https://weworkremotely.com/remote-jobs/ahu-technologies-network-engineer-tallahassee-fl
"Software Engineer, macOS Core Product",Speechify Inc,Florida,"Full-Time, $100,000 or more USD, Anywhere in the World","Software Engineer, macOS Core Product 17d Speechify Inc Florida Full-Time $100,000 or more USD Anywhere in the World",weworkremotely,https://weworkremotely.com/remote-jobs/speechify-inc-software-engineer-macos-core-product
2Nd Level Support - Virtualization Stack (M/W/D),Anexia Internetdienstleistungs,Anywhere in the World,"Full-Time, Anywhere in the World",2Nd Level Support - Virtualization Stack (M/W/D) 18d Anexia Internetdienstleistungs Full-Time Anywhere in the World,weworkremotely,https://weworkremotely.com/remote-jobs/anexia-internetdienstleistungs-2nd-level-support-virtualization-stack-m-w-d
Web Developer,Engineering Comfort Solutions,[REMOTE],Full-Time,Web Developer 18d Engineering Comfort Solutions [REMOTE] Full-Time,weworkremotely,https://weworkremotely.com/remote-jobs/engineering-comfort-solutions-web-developer
Estrategista Comercial (Inside Sales),Gentia,"ParanÃ¡, ParanÃ¡, Brazil",Full-Time,"Estrategista Comercial (Inside Sales) 18d Gentia ParanÃ¡, ParanÃ¡, Brazil Full-Time",weworkremotely,https://weworkremotely.com/remote-jobs/gentia-estrategista-comercial-inside-sales
Front End Developer (HTML & CSS),Startupz.com,"-, Poland",Full-Time,"Front End Developer (HTML & CSS) 18d Startupz.com -, Poland Full-Time",weworkremotely,https://weworkremotely.com/remote-jobs/startupz-com-front-end-developer-html-css
QA Engineer (M/W/D),Anexia Internetdienstleistungs,Anywhere in the World,"Full-Time, Anywhere in the World",QA Engineer (M/W/D) 19d Anexia Internetdienstleistungs Full-Time Anywhere in the World,weworkremotely,https://weworkremotely.com/remote-jobs/anexia-internetdienstleistungs-qa-engineer-m-w-d
"Software Engineer, iOS Core Product",Speechify Inc,Florida,"Full-Time, Anywhere in the World","Software Engineer, iOS Core Product 19d Speechify Inc Florida Full-Time Anywhere in the World",weworkremotely,https://weworkremotely.com/remote-jobs/speechify-inc-software-engineer-ios-core-product
Regional Sales Executive (Account Manager),Dealer eProcess,Remote,Full-Time,Regional Sales Executive (Account Manager) 21d Dealer eProcess Remote Full-Time,weworkremotely,https://weworkremotely.com/remote-jobs/dealer-eprocess-regional-sales-executive-account-manager-1
FPGA Development Engineer,NuTechs,"Novi, MI 48304",Full-Time,"FPGA Development Engineer 21d NuTechs Novi, MI 48304 Full-Time",weworkremotely,https://weworkremotely.com/remote-jobs/nutechs-fpga-development-engineer
Commerce Tools + Node JS + Cloud,ALIQAN Technologies,Bangalore,"Full-Time, Anywhere in the World",Commerce Tools + Node JS + Cloud 21d ALIQAN Technologies Bangalore Full-Time Anywhere in the World,weworkremotely,https://weworkremotely.com/remote-jobs/aliqan-technologies-commerce-tools-node-js-cloud
Senior Back-End Web Developer,Eran Group,India,"Full-Time, Anywhere in the World",Senior Back-End Web Developer 21d Eran Group India Full-Time Anywhere in the World,weworkremotely,https://weworkremotely.com/remote-jobs/eran-group-senior-back-end-web-developer
Product Designer,TimeZest,Remote,"Featured, Full-Time, Anywhere in the World",Product Designer 5d TimeZest Remote Featured Full-Time Anywhere in the World,weworkremotely,https://weworkremotely.com/remote-jobs/timezest-product-designer
Senior Product Designer,OnTheGoSystems,Remote,"Featured, Top 100, Full-Time, ðŸ‡¦ðŸ‡± Albania, ðŸ‡¦ðŸ‡¿ Azerbaijan, ðŸ‡§ðŸ‡¦ Bosnia and Herzegovina, ðŸ‡§ðŸ‡¬ Bulgaria, ðŸ‡§ðŸ‡¾ Belarus, ðŸ‡¨ðŸ‡¿ Czechia, ðŸ‡ªðŸ‡¬ Egypt, ðŸ‡¬ðŸ‡ª Georgia, ðŸ‡¬ðŸ‡· Greece, ðŸ‡­ðŸ‡· Croatia, ðŸ‡­ðŸ‡º Hungary, ðŸ‡®ðŸ‡¹ Italy, ðŸ‡±ðŸ‡¹ Lithuania, ðŸ‡²ðŸ‡© Moldova (Republic of), ðŸ‡²ðŸ‡ª Montenegro, ðŸ‡µðŸ‡¹ Portugal, ðŸ‡·ðŸ‡´ Romania, ðŸ‡·ðŸ‡¸ Serbia, ðŸ‡·ðŸ‡º Russian Federation, ðŸ‡¸ðŸ‡® Slovenia, ðŸ‡¸ðŸ‡° Slovakia, ðŸ‡¹ðŸ‡· TÃ¼rkiye, ðŸ‡ºðŸ‡¦ Ukraine",Senior Product Designer 10d OnTheGoSystems Remote Featured Top 100 Full-Time ðŸ‡¦ðŸ‡± Albania ðŸ‡¦ðŸ‡¿ Azerbaijan ðŸ‡§ðŸ‡¦ Bosnia and Herzegovina ðŸ‡§ðŸ‡¬ Bulgaria ðŸ‡§ðŸ‡¾ Belarus ðŸ‡¨ðŸ‡¿ Czechia ðŸ‡ªðŸ‡¬ Egypt ðŸ‡¬ðŸ‡ª Georgia ðŸ‡¬ðŸ‡· Greece ðŸ‡­ðŸ‡· Croatia ðŸ‡­ðŸ‡º Hungary ðŸ‡®ðŸ‡¹ Italy ðŸ‡±ðŸ‡¹ Lithuania ðŸ‡²ðŸ‡© Moldova (Republic of) ðŸ‡²ðŸ‡ª Montenegro ðŸ‡µðŸ‡¹ Portugal ðŸ‡·ðŸ‡´ Romania ðŸ‡·ðŸ‡¸ Serbia ðŸ‡·ðŸ‡º Russian Federation ðŸ‡¸ðŸ‡® Slovenia ðŸ‡¸ðŸ‡° Slovakia ðŸ‡¹ðŸ‡· TÃ¼rkiye ðŸ‡ºðŸ‡¦ Ukraine,weworkremotely,https://weworkremotely.com/remote-jobs/onthegosystems-senior-product-designer
Product Designer / UX Expert (US-Remote),Contra,"San Francisco, CA","Featured, Top 100, Contract, Anywhere in the World","Product Designer / UX Expert (US-Remote) 17d Contra San Francisco, CA Featured Top 100 Contract Anywhere in the World",weworkremotely,https://weworkremotely.com/remote-jobs/contra-product-designer-ux-expert-us-remote-1
Product Designer / UX Expert (US-Remote),Contra,"San Francisco, CA","Featured, Top 100, Contract, Anywhere in the World","Product Designer / UX Expert (US-Remote) 17d Contra San Francisco, CA Featured Top 100 Contract Anywhere in the World",weworkremotely,https://weworkremotely.com/remote-jobs/contra-product-designer-ux-expert-us-remote
Product Designer (Hardware / 3D CAD),KYS Norway,Norway,"Featured, Full-Time, $50,000 - $74,999 USD, Anywhere in the World","Product Designer (Hardware / 3D CAD) 25d KYS Norway Norway Featured Full-Time $50,000 - $74,999 USD Anywhere in the World",weworkremotely,https://weworkremotely.com/remote-jobs/kys-norway-product-designer-hardware-3d-cad
UX Designer - Infrastructure,Canonical,UK,"Full-Time, ðŸ‡¦ðŸ‡¹ Austria, ðŸ‡§ðŸ‡ª Belgium, ðŸ‡§ðŸ‡¬ Bulgaria, ðŸ‡¨ðŸ‡­ Switzerland, ðŸ‡©ðŸ‡ª Germany, ðŸ‡©ðŸ‡° Denmark, ðŸ‡ªðŸ‡¸ Spain, ðŸ‡«ðŸ‡® Finland, ðŸ‡«ðŸ‡· France, ðŸ‡¬ðŸ‡§ United Kingdom of Great Britain and Northern Ireland, ðŸ‡­ðŸ‡º Hungary, ðŸ‡®ðŸ‡ª Ireland, ðŸ‡®ðŸ‡¹ Italy, ðŸ‡³ðŸ‡± Netherlands, ðŸ‡³ðŸ‡´ Norway, ðŸ‡µðŸ‡± Poland, ðŸ‡µðŸ‡¹ Portugal, ðŸ‡·ðŸ‡´ Romania, ðŸ‡¸ðŸ‡ª Sweden",UX Designer - Infrastructure 3d Canonical UK Full-Time ðŸ‡¦ðŸ‡¹ Austria ðŸ‡§ðŸ‡ª Belgium ðŸ‡§ðŸ‡¬ Bulgaria ðŸ‡¨ðŸ‡­ Switzerland ðŸ‡©ðŸ‡ª Germany ðŸ‡©ðŸ‡° Denmark ðŸ‡ªðŸ‡¸ Spain ðŸ‡«ðŸ‡® Finland ðŸ‡«ðŸ‡· France ðŸ‡¬ðŸ‡§ United Kingdom of Great Britain and Northern Ireland ðŸ‡­ðŸ‡º Hungary ðŸ‡®ðŸ‡ª Ireland ðŸ‡®ðŸ‡¹ Italy ðŸ‡³ðŸ‡± Netherlands ðŸ‡³ðŸ‡´ Norway ðŸ‡µðŸ‡± Poland ðŸ‡µðŸ‡¹ Portugal ðŸ‡·ðŸ‡´ Romania ðŸ‡¸ðŸ‡ª Sweden,weworkremotely,https://weworkremotely.com/remote-jobs/canonical-ux-designer-infrastructure
Senior Growth Designer (Paid Social),Ethos,USA,"Full-Time, $100,000 or more USD, ðŸ‡ºðŸ‡¸ United States of America","Senior Growth Designer (Paid Social) 3d Ethos USA Full-Time $100,000 or more USD ðŸ‡ºðŸ‡¸ United States of America",weworkremotely,https://weworkremotely.com/remote-jobs/ethos-senior-growth-designer-paid-social
Product Designer (Brand & Design Systems),RIDR GmbH,Germany,"Full-Time, Anywhere in the World",Product Designer (Brand & Design Systems) 4d RIDR GmbH Germany Full-Time Anywhere in the World,weworkremotely,https://weworkremotely.com/remote-jobs/ridr-gmbh-product-designer-brand-design-systems
Lead Game Designer,Big Time,Remote,"Full-Time, Anywhere in the World",Lead Game Designer 4d Big Time Remote Full-Time Anywhere in the World,weworkremotely,https://weworkremotely.com/remote-jobs/big-time-lead-game-designer
Architect,Akamai,United States,"Full-Time, Anywhere in the World",Architect 4d Akamai United States Full-Time Anywhere in the World,weworkremotely,https://weworkremotely.com/remote-jobs/akamai-architect
Presentation Design Specialist,Zigsaw,Remote,"Full-Time, Anywhere in the World",Presentation Design Specialist 4d Zigsaw Remote Full-Time Anywhere in the World,weworkremotely,https://weworkremotely.com/remote-jobs/zigsaw-presentation-design-specialist
Experience Design Lead,HugeInc,United States,"Full-Time, Anywhere in the World",Experience Design Lead 4d HugeInc United States Full-Time Anywhere in the World,weworkremotely,https://weworkremotely.com/remote-jobs/hugeinc-experience-design-lead
UX Design Internship Offered,Biasly,"Salt Lake City, United States","Full-Time, Anywhere in the World","UX Design Internship Offered 4d Biasly Salt Lake City, United States Full-Time Anywhere in the World",weworkremotely,https://weworkremotely.com/remote-jobs/biasly-ux-design-internship-offered
Product Design,Preql AI,NYC,"Contract, Anywhere in the World",Product Design 5d Preql AI NYC Contract Anywhere in the World,weworkremotely,https://weworkremotely.com/remote-jobs/preql-ai-product-design
Content Creator,darrelwilson.com,United states,"Full-Time, $75,000 - $99,999 USD, Anywhere in the World","Content Creator 6d darrelwilson.com United states Full-Time $75,000 - $99,999 USD Anywhere in the World",weworkremotely,https://weworkremotely.com/remote-jobs/darrelwilson-com-content-creator
Principal Engineer â€“ Power System Modeling and Studies,Simple Thread,Remote,"Full-Time, Anywhere in the World",Principal Engineer â€“ Power System Modeling and Studies 6d Simple Thread Remote Full-Time Anywhere in the World,weworkremotely,https://weworkremotely.com/remote-jobs/simple-thread-principal-engineer-power-system-modeling-and-studies
Design Consultant,Interior Logic Group,Remote Minnesota,Full-Time,Design Consultant 6d Interior Logic Group Remote Minnesota Full-Time,weworkremotely,https://weworkremotely.com/remote-jobs/interior-logic-group-design-consultant
Remote UI/UX Design Lead,Jobgether,North America,Full-Time,Remote UI/UX Design Lead 6d Jobgether North America Full-Time,weworkremotely,https://weworkremotely.com/remote-jobs/jobgether-remote-ui-ux-design-lead
"UI/UX Designer (Part-Time, Remote, Latin America)",Bluelight Consulting,"Fortaleza, CearÃ¡, Brazil","Full-Time, Anywhere in the World","UI/UX Designer (Part-Time, Remote, Latin America) 6d Bluelight Consulting Fortaleza, CearÃ¡, Brazil Full-Time Anywhere in the World",weworkremotely,https://weworkremotely.com/remote-jobs/bluelight-consulting-ui-ux-designer-part-time-remote-latin-america-2
Civil Design Manager - Site Design,Olsson,"Kansas - Remote; Missouri - Remote; North Kansas City, MO; Overland Park, KS; St. Louis, MO; Wichita, KS",Full-Time,"Civil Design Manager - Site Design 9d Olsson Kansas - Remote; Missouri - Remote; North Kansas City, MO; Overland Park, KS; St. Louis, MO; Wichita, KS Full-Time",weworkremotely,https://weworkremotely.com/remote-jobs/olsson-civil-design-manager-site-design-1
"UI/UX Designer (Part-Time, Remote, Latin America)",Bluelight Consulting,"Fortaleza, CearÃ¡, Brazil","Full-Time, Anywhere in the World","UI/UX Designer (Part-Time, Remote, Latin America) 9d Bluelight Consulting Fortaleza, CearÃ¡, Brazil Full-Time Anywhere in the World",weworkremotely,https://weworkremotely.com/remote-jobs/bluelight-consulting-ui-ux-designer-part-time-remote-latin-america-1
Design Engineer,G2i,Remote,"Full-Time, Anywhere in the World",Design Engineer 9d G2i Remote Full-Time Anywhere in the World,weworkremotely,https://weworkremotely.com/remote-jobs/g2i-design-engineer
Senior Research Scientist - GenAI (Design Generation),Canva,"Sydney, Australia",Full-Time,"Senior Research Scientist - GenAI (Design Generation) 9d Canva Sydney, Australia Full-Time",weworkremotely,https://weworkremotely.com/remote-jobs/canva-senior-research-scientist-genai-design-generation
Principal UX Design Researcher,GE Vernova,Remote,"Full-Time, Anywhere in the World",Principal UX Design Researcher 9d GE Vernova Remote Full-Time Anywhere in the World,weworkremotely,https://weworkremotely.com/remote-jobs/ge-vernova-principal-ux-design-researcher
"Senior ML Engineer - AI Document Intelligence (Remote, $15K Contract)",Shado Ventures,"Miami, FL","Featured, Contract, $10,000 - $25,000 USD, Anywhere in the World","Senior ML Engineer - AI Document Intelligence (Remote, $15K Contract) 6d Shado Ventures Miami, FL Featured Contract $10,000 - $25,000 USD Anywhere in the World",weworkremotely,https://weworkremotely.com/remote-jobs/shado-ventures-senior-ml-engineer-ai-document-intelligence-remote-15k-contract
Senior Backend Developer (Python),Proxify AB,Sweden,"Featured, Top 100, Full-Time, Anywhere in the World",Senior Backend Developer (Python) 7d Proxify AB Sweden Featured Top 100 Full-Time Anywhere in the World,weworkremotely,https://weworkremotely.com/remote-jobs/proxify-ab-senior-backend-developer-python-7
Senior Backend Developer (Node.js / Nest.js),Proxify AB,Sweden,"Featured, Top 100, Full-Time, Anywhere in the World",Senior Backend Developer (Node.js / Nest.js) 7d Proxify AB Sweden Featured Top 100 Full-Time Anywhere in the World,weworkremotely,https://weworkremotely.com/remote-jobs/proxify-ab-senior-backend-developer-node-js-nest-js-2
Senior RoR Developer,OnTheGoSystems,Remote,"Featured, Top 100, Full-Time, Anywhere in the World",Senior RoR Developer 14d OnTheGoSystems Remote Featured Top 100 Full-Time Anywhere in the World,weworkremotely,https://weworkremotely.com/remote-jobs/onthegosystems-senior-ror-developer
Senior PHP Developer,OnTheGoSystems,Remote,"Featured, Top 100, Full-Time, Anywhere in the World",Senior PHP Developer 20d OnTheGoSystems Remote Featured Top 100 Full-Time Anywhere in the World,weworkremotely,https://weworkremotely.com/remote-jobs/onthegosystems-senior-php-developer-3
Senior Backend Engineer - Full Remote,Zencastr,Zencastr,"Featured, Full-Time, Anywhere in the World",Senior Backend Engineer - Full Remote 20d Zencastr Zencastr Featured Full-Time Anywhere in the World,weworkremotely,https://weworkremotely.com/remote-jobs/zencastr-senior-backend-engineer-full-remote
Front End Web Developer - BetU,Betu,[REMOTE],Full-Time,Front End Web Developer - BetU New Betu [REMOTE] Full-Time,weworkremotely,https://weworkremotely.com/remote-jobs/betu-front-end-web-developer-betu
Director of Outreach,WeVote,Remote,Full-Time,Director of Outreach New WeVote Remote Full-Time,weworkremotely,https://weworkremotely.com/remote-jobs/wevote-director-of-outreach
"Intern - Product Management (Web Applications), On Location",TKO,Remote - Texas,Full-Time,"Intern - Product Management (Web Applications), On Location New TKO Remote - Texas Full-Time",weworkremotely,https://weworkremotely.com/remote-jobs/tko-intern-product-management-web-applications-on-location
Data Scientist (L5) - Content Promotion & Discovery Performance,Netflix,California,"Full-Time, $100,000 or more USD, ðŸ‡ºðŸ‡¸ United States of America","Data Scientist (L5) - Content Promotion & Discovery Performance 3d Netflix California Full-Time $100,000 or more USD ðŸ‡ºðŸ‡¸ United States of America",weworkremotely,https://weworkremotely.com/remote-jobs/netflix-data-scientist-l5-content-promotion-discovery-performance
Senior Software Engineer (Localization),Mozilla,California,"Full-Time, $50,000 - $74,999 USD, ðŸ‡§ðŸ‡ª Belgium, ðŸ‡¨ðŸ‡¦ Canada, ðŸ‡©ðŸ‡ª Germany, ðŸ‡ªðŸ‡¸ Spain, ðŸ‡«ðŸ‡® Finland, ðŸ‡³ðŸ‡± Netherlands","Senior Software Engineer (Localization) 3d Mozilla California Full-Time $50,000 - $74,999 USD ðŸ‡§ðŸ‡ª Belgium ðŸ‡¨ðŸ‡¦ Canada ðŸ‡©ðŸ‡ª Germany ðŸ‡ªðŸ‡¸ Spain ðŸ‡«ðŸ‡® Finland ðŸ‡³ðŸ‡± Netherlands",weworkremotely,https://weworkremotely.com/remote-jobs/mozilla-senior-software-engineer-localization
Enterprise Account Executive â€“ Mendix + RapidMiner - Automotive,Mendix,"United States / Boston, MA",Full-Time,"Enterprise Account Executive â€“ Mendix + RapidMiner - Automotive 4d Mendix United States / Boston, MA Full-Time",weworkremotely,https://weworkremotely.com/remote-jobs/mendix-enterprise-account-executive-mendix-rapidminer-automotive
Web App Firewall Security Engineer (Remote),Signet Jewelers,"Support Center - Akron, OH",Full-Time,"Web App Firewall Security Engineer (Remote) 4d Signet Jewelers Support Center - Akron, OH Full-Time",weworkremotely,https://weworkremotely.com/remote-jobs/signet-jewelers-web-app-firewall-security-engineer-remote
Marketing Web Developer,The Global Talent Co.,Latin America | Remote,Full-Time,Marketing Web Developer 4d The Global Talent Co. Latin America | Remote Full-Time,weworkremotely,https://weworkremotely.com/remote-jobs/the-global-talent-co-marketing-web-developer
Front-End Website Developer (Contract / Freelance),Media Cause,"Atlanta, GA",Full-Time,"Front-End Website Developer (Contract / Freelance) 4d Media Cause Atlanta, GA Full-Time",weworkremotely,https://weworkremotely.com/remote-jobs/media-cause-front-end-website-developer-contract-freelance
Market Data Engineering Manager,BHFT,United Arab Emirates,"Full-Time, Anywhere in the World",Market Data Engineering Manager 5d BHFT United Arab Emirates Full-Time Anywhere in the World,weworkremotely,https://weworkremotely.com/remote-jobs/bhft-market-data-engineering-manager
Senior Software Engineer - Backend/Python - USA Only (100% Remote),Close,USA,"Top 100, Full-Time, $100,000 or more USD, Anywhere in the World","Senior Software Engineer - Backend/Python - USA Only (100% Remote) 5d Close USA Top 100 Full-Time $100,000 or more USD Anywhere in the World",weworkremotely,https://weworkremotely.com/remote-jobs/close-senior-software-engineer-backend-python-usa-only-100-remote-1
MDM Data Engineer,Soltech,Remote,"Full-Time, Anywhere in the World",MDM Data Engineer 5d Soltech Remote Full-Time Anywhere in the World,weworkremotely,https://weworkremotely.com/remote-jobs/soltech-mdm-data-engineer
SR Project Manager in Continuous Improvement with Health Experience,AHU Technologies,"Washington, DC 20009",Full-Time,"SR Project Manager in Continuous Improvement with Health Experience 5d AHU Technologies Washington, DC 20009 Full-Time",weworkremotely,https://weworkremotely.com/remote-jobs/ahu-technologies-sr-project-manager-in-continuous-improvement-with-health-experience
Remote Website Developer,Jobgether,North America,"Full-Time, Anywhere in the World",Remote Website Developer 5d Jobgether North America Full-Time Anywhere in the World,weworkremotely,https://weworkremotely.com/remote-jobs/jobgether-remote-website-developer
"Web Development & Coding Specialist - Freelance, Remote",Magic,Philippines,Full-Time,"Web Development & Coding Specialist - Freelance, Remote 5d Magic Philippines Full-Time",weworkremotely,https://weworkremotely.com/remote-jobs/magic-web-development-coding-specialist-freelance-remote
Senior Backend Engineer,Proton.ai,"Cambridge, MA","Full-Time, $50,000 - $74,999 USD, Americas Only","Senior Backend Engineer 6d Proton.ai Cambridge, MA Full-Time $50,000 - $74,999 USD Americas Only",weworkremotely,https://weworkremotely.com/remote-jobs/proton-ai-senior-backend-engineer
Security Engineer - Research & Test,Dusk Labs,Anywhere in the World,"Full-Time, Anywhere in the World",Security Engineer - Research & Test 6d Dusk Labs Full-Time Anywhere in the World,weworkremotely,https://weworkremotely.com/remote-jobs/dusk-labs-security-engineer-research-test
Senior Software Engineer,Semaphore Technologies,Novi Sad,"Full-Time, ðŸ‡§ðŸ‡· Brazil, ðŸ‡µðŸ‡± Poland",Senior Software Engineer 10d Semaphore Technologies Novi Sad Full-Time ðŸ‡§ðŸ‡· Brazil ðŸ‡µðŸ‡± Poland,weworkremotely,https://weworkremotely.com/remote-jobs/semaphore-technologies-senior-software-engineer
Web Developer,Steady Vision,"Boston, Massachusetts, United States",Full-Time,"Web Developer 11d Steady Vision Boston, Massachusetts, United States Full-Time",weworkremotely,https://weworkremotely.com/remote-jobs/steady-vision-web-developer
Senior DevOps Engineer (AWS),Proxify AB,Sweden,"Featured, Top 100, Full-Time, Anywhere in the World",Senior DevOps Engineer (AWS) 7d Proxify AB Sweden Featured Top 100 Full-Time Anywhere in the World,weworkremotely,https://weworkremotely.com/remote-jobs/proxify-ab-senior-devops-engineer-aws-7
Senior Linux & VoIP Infrastructure Engineer - 100% Remote - 4h / day,Lightup Network Solutions GmbH & Co. KG,"Frankfurt, Germany","Featured, Contract, $10,000 - $25,000 USD, Anywhere in the World","Senior Linux & VoIP Infrastructure Engineer - 100% Remote - 4h / day 13d Lightup Network Solutions GmbH & Co. KG Frankfurt, Germany Featured Contract $10,000 - $25,000 USD Anywhere in the World",weworkremotely,https://weworkremotely.com/remote-jobs/lightup-network-solutions-gmbh-co-kg-senior-linux-voip-infrastructure-engineer-100
Senior DevOps Engineer,WIN Home Inspection,Delhi,"Full-Time, Anywhere in the World",Senior DevOps Engineer New WIN Home Inspection Delhi Full-Time Anywhere in the World,weworkremotely,https://weworkremotely.com/remote-jobs/win-home-inspection-senior-devops-engineer
Head of Product,Gruntwork,Western Hemisphere (Remote),Full-Time,Head of Product New Gruntwork Western Hemisphere (Remote) Full-Time,weworkremotely,https://weworkremotely.com/remote-jobs/gruntwork-head-of-product
Senior DevOps Engineer,10Beauty,Remote,"Full-Time, Anywhere in the World",Senior DevOps Engineer New 10Beauty Remote Full-Time Anywhere in the World,weworkremotely,https://weworkremotely.com/remote-jobs/10beauty-senior-devops-engineer
Senior DevOps Engineer (Full Remote - Lithuania),EverAI,Lithuania,"Full-Time, Anywhere in the World",Senior DevOps Engineer (Full Remote - Lithuania) New EverAI Lithuania Full-Time Anywhere in the World,weworkremotely,https://weworkremotely.com/remote-jobs/everai-senior-devops-engineer-full-remote-lithuania
"Manager Cloud, DevOps Engineering",Solera,Virtual Mexico,"Full-Time, Anywhere in the World","Manager Cloud, DevOps Engineering New Solera Virtual Mexico Full-Time Anywhere in the World",weworkremotely,https://weworkremotely.com/remote-jobs/solera-manager-cloud-devops-engineering
Java Developer,Bright Vision Technologies,Remote,"Full-Time, ðŸ‡ºðŸ‡¸ United States of America",Java Developer 4d Bright Vision Technologies Remote Full-Time ðŸ‡ºðŸ‡¸ United States of America,weworkremotely,https://weworkremotely.com/remote-jobs/bright-vision-technologies-java-developer-1
"Collaborative Engineer, GitHub Copilot (Remote - US)",Atmosera,Remote - US,"Full-Time, ðŸ‡ºðŸ‡¸ United States of America","Collaborative Engineer, GitHub Copilot (Remote - US) 4d Atmosera Remote - US Full-Time ðŸ‡ºðŸ‡¸ United States of America",weworkremotely,https://weworkremotely.com/remote-jobs/atmosera-collaborative-engineer-github-copilot-remote-us
Sr. Engineer - CICD DevOps (Remote),CrowdStrike,USA CA Remote,"Full-Time, ðŸ‡¸ðŸ‡¦ Saudi Arabia, ðŸ‡ºðŸ‡¸ United States of America",Sr. Engineer - CICD DevOps (Remote) 4d CrowdStrike USA CA Remote Full-Time ðŸ‡¸ðŸ‡¦ Saudi Arabia ðŸ‡ºðŸ‡¸ United States of America,weworkremotely,https://weworkremotely.com/remote-jobs/crowdstrike-sr-engineer-cicd-devops-remote
Cloud Architect,steampunk,"McLean, Virginia, United States","Full-Time, ðŸ‡ºðŸ‡¸ United States of America","Cloud Architect 4d steampunk McLean, Virginia, United States Full-Time ðŸ‡ºðŸ‡¸ United States of America",weworkremotely,https://weworkremotely.com/remote-jobs/steampunk-cloud-architect
AWS DevOps Engineer,Ensono,Remote - United States (Job Postings),"Full-Time, ðŸ‡ºðŸ‡¸ United States of America",AWS DevOps Engineer 4d Ensono Remote - United States (Job Postings) Full-Time ðŸ‡ºðŸ‡¸ United States of America,weworkremotely,https://weworkremotely.com/remote-jobs/ensono-aws-devops-engineer
Java Developer,Bright Vision Technologies,Remote,Full-Time,Java Developer 5d Bright Vision Technologies Remote Full-Time,weworkremotely,https://weworkremotely.com/remote-jobs/bright-vision-technologies-java-developer
DevOps Engineer - 100% remote,Tether Operations Limited,"Budapest, BU, Hungary",Full-Time,"DevOps Engineer - 100% remote 5d Tether Operations Limited Budapest, BU, Hungary Full-Time",weworkremotely,https://weworkremotely.com/remote-jobs/tether-operations-limited-devops-engineer-100-remote-1
Senior DevOps Platform Engineer (f/m/d),Heerbrugg,"Heerbrugg, 9435 Switzerland","Full-Time, Anywhere in the World","Senior DevOps Platform Engineer (f/m/d) 5d Heerbrugg Heerbrugg, 9435 Switzerland Full-Time Anywhere in the World",weworkremotely,https://weworkremotely.com/remote-jobs/heerbrugg-senior-devops-platform-engineer-f-m-d
DevOps + Python Developer,Owlish,"Accra, Remote, Ghana",Full-Time,"DevOps + Python Developer 5d Owlish Accra, Remote, Ghana Full-Time",weworkremotely,https://weworkremotely.com/remote-jobs/owlish-devops-python-developer
Azure Cloud DevOps,Valtech,Argentina - Remote,Full-Time,Azure Cloud DevOps 5d Valtech Argentina - Remote Full-Time,weworkremotely,https://weworkremotely.com/remote-jobs/valtech-azure-cloud-devops
Senior DevOps Engineer,Marketerx,"Nashville, TN","Full-Time, $100,000 or more USD, Anywhere in the World","Senior DevOps Engineer 8d Marketerx Nashville, TN Full-Time $100,000 or more USD Anywhere in the World",weworkremotely,https://weworkremotely.com/remote-jobs/marketerx-senior-devops-engineer
SENIOR INFRASTRUCTURE & SECURITY ENGINEER,Bluebird Technologies,"Washington, DC","Full-Time, $100,000 or more USD, ðŸ‡ºðŸ‡¸ United States of America","SENIOR INFRASTRUCTURE & SECURITY ENGINEER 11d Bluebird Technologies Washington, DC Full-Time $100,000 or more USD ðŸ‡ºðŸ‡¸ United States of America",weworkremotely,https://weworkremotely.com/remote-jobs/bluebird-technologies-senior-infrastructure-security-engineer
DevOps Engineer - Singapore,PTP,"Sydney, Sydney, 2000 Australia",Full-Time,"DevOps Engineer - Singapore 11d PTP Sydney, Sydney, 2000 Australia Full-Time",weworkremotely,https://weworkremotely.com/remote-jobs/ptp-devops-engineer-singapore
"DevOps Engineer - Remote, Latin America",Bluelight Consulting,"Fortaleza, CearÃ¡, Brazil","Full-Time, Anywhere in the World","DevOps Engineer - Remote, Latin America 11d Bluelight Consulting Fortaleza, CearÃ¡, Brazil Full-Time Anywhere in the World",weworkremotely,https://weworkremotely.com/remote-jobs/bluelight-consulting-devops-engineer-remote-latin-america-1
Senior DevOps (Full remote),Blackfluo.ai,"Nicosia, Cyprus","Full-Time, Anywhere in the World","Senior DevOps (Full remote) 11d Blackfluo.ai Nicosia, Cyprus Full-Time Anywhere in the World",weworkremotely,https://weworkremotely.com/remote-jobs/blackfluo-ai-senior-devops-full-remote-1
Senior DevOps Engineer- IAM,Deutsche Telekom IT Solutions Slovakia,"MoldavskÃ¡ cesta, 040 11 KoÅ¡ice, Slovakia",Full-Time,"Senior DevOps Engineer- IAM 11d Deutsche Telekom IT Solutions Slovakia MoldavskÃ¡ cesta, 040 11 KoÅ¡ice, Slovakia Full-Time",weworkremotely,https://weworkremotely.com/remote-jobs/deutsche-telekom-it-solutions-slovakia-senior-devops-engineer-iam
Senior DevOps Engineer,Flashbots,Remote,"Full-Time, Anywhere in the World",Senior DevOps Engineer 12d Flashbots Remote Full-Time Anywhere in the World,weworkremotely,https://weworkremotely.com/remote-jobs/flashbots-senior-devops-engineer
Account Executive,Arc.dev,Remote,"Featured, Full-Time, Anywhere in the World",Account Executive 7d Arc.dev Remote Featured Full-Time Anywhere in the World,weworkremotely,https://weworkremotely.com/remote-jobs/arc-dev-account-executive
Remote Sales Representative,Credit Joy,Delaware,"Featured, Full-Time, Anywhere in the World",Remote Sales Representative 9d Credit Joy Delaware Featured Full-Time Anywhere in the World,weworkremotely,https://weworkremotely.com/remote-jobs/credit-joy-remote-sales-representative
Inside Sales Contractor,Report Owl LLC,USA,"Featured, Contract, Anywhere in the World",Inside Sales Contractor 10d Report Owl LLC USA Featured Contract Anywhere in the World,weworkremotely,https://weworkremotely.com/remote-jobs/report-owl-llc-inside-sales-contractor
Marketing Strategy Advisor,NewtonX,"New York, NY","Featured, Contract, Anywhere in the World","Marketing Strategy Advisor 15d NewtonX New York, NY Featured Contract Anywhere in the World",weworkremotely,https://weworkremotely.com/remote-jobs/newtonx-marketing-strategy-advisor
Remote Inside Sales,Report Owl LLC,USA,"Featured, Contract, Anywhere in the World",Remote Inside Sales 16d Report Owl LLC USA Featured Contract Anywhere in the World,weworkremotely,https://weworkremotely.com/remote-jobs/report-owl-llc-remote-inside-sales-3
"Content Marketer, SEO",Animalz,"San Diego, California","Featured, Top 100, Full-Time, $50,000 - $74,999 USD, Anywhere in the World","Content Marketer, SEO 16d Animalz San Diego, California Featured Top 100 Full-Time $50,000 - $74,999 USD Anywhere in the World",weworkremotely,https://weworkremotely.com/remote-jobs/animalz-content-marketer-seo
Senior Content Marketer (Enterprise/Campaigns),Animalz,"San Diego, California","Featured, Top 100, Full-Time, $75,000 - $99,999 USD, Anywhere in the World","Senior Content Marketer (Enterprise/Campaigns) 16d Animalz San Diego, California Featured Top 100 Full-Time $75,000 - $99,999 USD Anywhere in the World",weworkremotely,https://weworkremotely.com/remote-jobs/animalz-senior-content-marketer-enterprise-campaigns-2
Founder's Associate - Biz Dev - UK-based remote - Â£36-42k,EllipsisÂ®,"Oxford, UK","Featured, Full-Time, $25,000 - $48,999 USD, Anywhere in the World","Founder's Associate - Biz Dev - UK-based remote - Â£36-42k 19d EllipsisÂ® Oxford, UK Featured Full-Time $25,000 - $48,999 USD Anywhere in the World",weworkremotely,https://weworkremotely.com/remote-jobs/ellipsis-founder-s-associate-biz-dev-uk-based-remote-36-42k
Student Private Jet Broker,EchoJet Limited,"Cornwall, UK","Featured, Contract, $75,000 - $99,999 USD, Anywhere in the World","Student Private Jet Broker 21d EchoJet Limited Cornwall, UK Featured Contract $75,000 - $99,999 USD Anywhere in the World",weworkremotely,https://weworkremotely.com/remote-jobs/echojet-limited-student-private-jet-broker
Remote Inside Sales,Your Resource Group LLC,USA,"Featured, Pro, Contract, $25,000 - $48,999 USD, Anywhere in the World","Remote Inside Sales 23d Your Resource Group LLC USA Featured Pro Contract $25,000 - $48,999 USD Anywhere in the World",weworkremotely,https://weworkremotely.com/remote-jobs/your-resource-group-llc-remote-inside-sales
Paid Ads Strategist - Meta & Google,Tier3 Media,United States,"Full-Time, $25,000 - $48,999 USD, Anywhere in the World","Paid Ads Strategist - Meta & Google New Tier3 Media United States Full-Time $25,000 - $48,999 USD Anywhere in the World",weworkremotely,https://weworkremotely.com/remote-jobs/tier3-media-paid-ads-strategist-meta-google
Product Marketing Manager - Corporate Payments,WEX,Global Headquarters,Full-Time,Product Marketing Manager - Corporate Payments New WEX Global Headquarters Full-Time,weworkremotely,https://weworkremotely.com/remote-jobs/wex-product-marketing-manager-corporate-payments
Product Marketing Manager III,WEX,Global Headquarters,Full-Time,Product Marketing Manager III New WEX Global Headquarters Full-Time,weworkremotely,https://weworkremotely.com/remote-jobs/wex-product-marketing-manager-iii
Engenheiro de Analytics SÃªnior,Framework,BR,"Full-Time, Anywhere in the World",Engenheiro de Analytics SÃªnior New Framework BR Full-Time Anywhere in the World,weworkremotely,https://weworkremotely.com/remote-jobs/framework-engenheiro-de-analytics-senior
Assistente de MÃ­dia | PJ,Brivia,BR,"Full-Time, Anywhere in the World",Assistente de MÃ­dia | PJ New Brivia BR Full-Time Anywhere in the World,weworkremotely,https://weworkremotely.com/remote-jobs/brivia-assistente-de-midia-pj
Financial Services and Trading Growth Marketing Director,Wood Mackenzie,US-TX-Houston-Office,Full-Time,Financial Services and Trading Growth Marketing Director New Wood Mackenzie US-TX-Houston-Office Full-Time,weworkremotely,https://weworkremotely.com/remote-jobs/wood-mackenzie-financial-services-and-trading-growth-marketing-director
Senior Product Adoption Strategist (Shopping),reddit,"San Francisco, US","Full-Time, $100,000 or more USD, Anywhere in the World","Senior Product Adoption Strategist (Shopping) New reddit San Francisco, US Full-Time $100,000 or more USD Anywhere in the World",weworkremotely,https://weworkremotely.com/remote-jobs/reddit-senior-product-adoption-strategist-shopping-1
"Growth Marketing Manager, Social Commerce","Relay Commerce, Inc.","Atlanta, GA, USA","Full-Time, $75,000 - $99,999 USD, ðŸ‡¨ðŸ‡¦ Canada","Growth Marketing Manager, Social Commerce 3d Relay Commerce, Inc. Atlanta, GA, USA Full-Time $75,000 - $99,999 USD ðŸ‡¨ðŸ‡¦ Canada",weworkremotely,https://weworkremotely.com/remote-jobs/relay-commerce-inc-growth-marketing-manager-social-commerce
Business Development Representative,CELUS,Germany,"Full-Time, ðŸ‡©ðŸ‡ª Germany, ðŸ‡µðŸ‡¹ Portugal, ðŸ‡ºðŸ‡¸ United States of America",Business Development Representative 3d CELUS Germany Full-Time ðŸ‡©ðŸ‡ª Germany ðŸ‡µðŸ‡¹ Portugal ðŸ‡ºðŸ‡¸ United States of America,weworkremotely,https://weworkremotely.com/remote-jobs/celus-business-development-representative
Senior Marketing Analyst,Chainguard,USA,"Full-Time, ðŸ‡ºðŸ‡¸ United States of America",Senior Marketing Analyst 4d Chainguard USA Full-Time ðŸ‡ºðŸ‡¸ United States of America,weworkremotely,https://weworkremotely.com/remote-jobs/chainguard-senior-marketing-analyst
SOCIAL MEDIA & SEO MANAGER,ACE STAINLESS SUPPLY,"SANTA ANA, CA","Full-Time, $10,000 - $25,000 USD, Anywhere in the World","SOCIAL MEDIA & SEO MANAGER 4d ACE STAINLESS SUPPLY SANTA ANA, CA Full-Time $10,000 - $25,000 USD Anywhere in the World",weworkremotely,https://weworkremotely.com/remote-jobs/ace-stainless-supply-social-media-seo-manager-1
B2B Sales Executive - AI Recruitment Solutions (USA),Careerswift,Warsaw,"Full-Time, $100,000 or more USD, Anywhere in the World","B2B Sales Executive - AI Recruitment Solutions (USA) 4d Careerswift Warsaw Full-Time $100,000 or more USD Anywhere in the World",weworkremotely,https://weworkremotely.com/remote-jobs/careerswift-b2b-sales-executive-ai-recruitment-solutions-usa
Full-Stack Growth Marketing Associate,Blank Canvas Marketing,NYC,"Full-Time, Anywhere in the World",Full-Stack Growth Marketing Associate 6d Blank Canvas Marketing NYC Full-Time Anywhere in the World,weworkremotely,https://weworkremotely.com/remote-jobs/neighborhood-hosts-inc-full-stack-growth-marketing-associate
Inbound/Outbound Sales - Remote - English language - No Heavy Accents!,Golf Carts of ATX,"Austin, TX","Full-Time, $10,000 - $25,000 USD, Anywhere in the World","Inbound/Outbound Sales - Remote - English language - No Heavy Accents! 6d Golf Carts of ATX Austin, TX Full-Time $10,000 - $25,000 USD Anywhere in the World",weworkremotely,https://weworkremotely.com/remote-jobs/golf-carts-of-atx-inbound-outbound-sales-remote-english-language-no-heavy-accents
Email Marketing Manager,Boldin,California,"Full-Time, $75,000 - $99,999 USD, Anywhere in the World","Email Marketing Manager 7d Boldin California Full-Time $75,000 - $99,999 USD Anywhere in the World",weworkremotely,https://weworkremotely.com/remote-jobs/boldin-email-marketing-manager
"Live Technical Support Representative â€” Full-Time (40 hrs/week, Satâ€“Sun required, Tues-Wed off) â€” $40,000/year + Benefits â€” Locations: CA, ID, OR, TX, WA",Porkbun,Oregon USA,"Featured, Full-Time, $25,000 - $48,999 USD, ðŸ‡ºðŸ‡¸ United States of America","Live Technical Support Representative â€” Full-Time (40 hrs/week, Satâ€“Sun required, Tues-Wed off) â€” $40,000/year + Benefits â€” Locations: CA, ID, OR, TX, WA 11d Porkbun Oregon USA Featured Full-Time $25,000 - $48,999 USD ðŸ‡ºðŸ‡¸ United States of America",weworkremotely,https://weworkremotely.com/remote-jobs/porkbun-live-technical-support-representative-full-time-40-hrs-week-sat-sun-required-tues-wed-off-40-000-year
Customer Communications Agent - 100% Remote - FRENCH and GERMAN only!,Lightup Network Solutions GmbH & Co. KG,"Frankfurt, Germany","Featured, Full-Time, $10,000 - $25,000 USD, Anywhere in the World","Customer Communications Agent - 100% Remote - FRENCH and GERMAN only! 13d Lightup Network Solutions GmbH & Co. KG Frankfurt, Germany Featured Full-Time $10,000 - $25,000 USD Anywhere in the World",weworkremotely,https://weworkremotely.com/remote-jobs/lightup-network-solutions-gmbh-co-kg-customer-communications-agent-100-remote-french
Remote Customer Support - $20/hr - United States,Remote Talent Cloud,"Cheyenne, WY","Featured, Contract, Anywhere in the World","Remote Customer Support - $20/hr - United States 14d Remote Talent Cloud Cheyenne, WY Featured Contract Anywhere in the World",weworkremotely,https://weworkremotely.com/remote-jobs/remote-talent-cloud-remote-customer-support-20-hr-united-states-3
Customer Support Agent (Remote),CRAE GROUP LTD,Cyprus,"Featured, Full-Time, $10,000 - $25,000 USD, ðŸ‡§ðŸ‡¬ Bulgaria, ðŸ‡¨ðŸ‡¾ Cyprus, ðŸ‡ªðŸ‡ª Estonia, ðŸ‡­ðŸ‡º Hungary, ðŸ‡±ðŸ‡¹ Lithuania, ðŸ‡±ðŸ‡» Latvia, ðŸ‡µðŸ‡± Poland, ðŸ‡·ðŸ‡´ Romania, ðŸ‡·ðŸ‡¸ Serbia, ðŸ‡¸ðŸ‡° Slovakia, ðŸ‡ºðŸ‡¦ Ukraine","Customer Support Agent (Remote) 20d CRAE GROUP LTD Cyprus Featured Full-Time $10,000 - $25,000 USD ðŸ‡§ðŸ‡¬ Bulgaria ðŸ‡¨ðŸ‡¾ Cyprus ðŸ‡ªðŸ‡ª Estonia ðŸ‡­ðŸ‡º Hungary ðŸ‡±ðŸ‡¹ Lithuania ðŸ‡±ðŸ‡» Latvia ðŸ‡µðŸ‡± Poland ðŸ‡·ðŸ‡´ Romania ðŸ‡·ðŸ‡¸ Serbia ðŸ‡¸ðŸ‡° Slovakia ðŸ‡ºðŸ‡¦ Ukraine",weworkremotely,https://weworkremotely.com/remote-jobs/crae-group-ltd-customer-support-agent-remote
$1k Weekly Work from Home Job Position,Best Estimate Pro,USA,"Featured, Full-Time, $100,000 or more USD, ðŸ‡ºðŸ‡¸ United States of America","$1k Weekly Work from Home Job Position 29d Best Estimate Pro USA Featured Full-Time $100,000 or more USD ðŸ‡ºðŸ‡¸ United States of America",weworkremotely,https://weworkremotely.com/remote-jobs/best-estimate-pro-1k-weekly-work-from-home-job-position
Knowledge Management / Taxonomy Expert (CRM Content),Medier,Remote,"Full-Time, Anywhere in the World",Knowledge Management / Taxonomy Expert (CRM Content) New Medier Remote Full-Time Anywhere in the World,weworkremotely,https://weworkremotely.com/remote-jobs/medier-knowledge-management-taxonomy-expert-crm-content
Consultor CRM & AutomatizaciÃ³n,Workana,Panama,"Full-Time, Anywhere in the World",Consultor CRM & AutomatizaciÃ³n New Workana Panama Full-Time Anywhere in the World,weworkremotely,https://weworkremotely.com/remote-jobs/workana-consultor-crm-automatizacion
Engenharia de dados,Direct Solution,"SÃ£o Paulo, SP, Brazil",Full-Time,"Engenharia de dados New Direct Solution SÃ£o Paulo, SP, Brazil Full-Time",weworkremotely,https://weworkremotely.com/remote-jobs/direct-solution-engenharia-de-dados
Remote Customer Service Operator / Specialist,SERA Solution,"Montreal, QC","Full-Time, $50,000 - $74,999 USD, Anywhere in the World","Remote Customer Service Operator / Specialist New SERA Solution Montreal, QC Full-Time $50,000 - $74,999 USD Anywhere in the World",weworkremotely,https://weworkremotely.com/remote-jobs/sera-solution-remote-customer-service-operator-specialist
Enterprise Applications Analyst (CRM),Semios,"Vancouver, British Columbia, Canada",Full-Time,"Enterprise Applications Analyst (CRM) 3d Semios Vancouver, British Columbia, Canada Full-Time",weworkremotely,https://weworkremotely.com/remote-jobs/semios-enterprise-applications-analyst-crm
Sr Advisory Solution Consultant - CRM,ServiceNow,"remote, Austin, Texas, United States",Full-Time,"Sr Advisory Solution Consultant - CRM 3d ServiceNow remote, Austin, Texas, United States Full-Time",weworkremotely,https://weworkremotely.com/remote-jobs/servicenow-sr-advisory-solution-consultant-crm
"Associate Principal Engineer, CRM Salesforce (Consumer Goods Cloud)",Nagarro,"Remote, India","Full-Time, Anywhere in the World","Associate Principal Engineer, CRM Salesforce (Consumer Goods Cloud) 3d Nagarro Remote, India Full-Time Anywhere in the World",weworkremotely,https://weworkremotely.com/remote-jobs/nagarro-associate-principal-engineer-crm-salesforce-consumer-goods-cloud
Product Owner (PO) (100% remoto),CRM PipeRun,PipeRun CRM - Home office,"Full-Time, Anywhere in the World",Product Owner (PO) (100% remoto) 3d CRM PipeRun PipeRun CRM - Home office Full-Time Anywhere in the World,weworkremotely,https://weworkremotely.com/remote-jobs/crm-piperun-product-owner-po-100-remoto
Desenvolvedor/a Fullstack (WebSocket e Chat Web) - Pleno/SÃªnior,Sioux digital 1:1,"FlorianÃ³polis, South Carolina, Brazil",Full-Time,"Desenvolvedor/a Fullstack (WebSocket e Chat Web) - Pleno/SÃªnior 3d Sioux digital 1:1 FlorianÃ³polis, South Carolina, Brazil Full-Time",weworkremotely,https://weworkremotely.com/remote-jobs/sioux-digital-1-1-desenvolvedor-a-fullstack-websocket-e-chat-web-pleno-senior
Spontaneous Application (Hybrid Remote Policy),Brevo,"Noida, Uttar Pradesh",Full-Time,"Spontaneous Application (Hybrid Remote Policy) 5d Brevo Noida, Uttar Pradesh Full-Time",weworkremotely,https://weworkremotely.com/remote-jobs/brevo-spontaneous-application-hybrid-remote-policy-1
Analista Sr. Lifecycle & CRM (Remoto),Auvo Tecnologia,BR,"Full-Time, Anywhere in the World",Analista Sr. Lifecycle & CRM (Remoto) 5d Auvo Tecnologia BR Full-Time Anywhere in the World,weworkremotely,https://weworkremotely.com/remote-jobs/auvo-tecnologia-analista-sr-lifecycle-crm-remoto
Business Process Analyst | W2 Only | Fully Remote |,Xlysi,"SFO, CA.",Full-Time,"Business Process Analyst | W2 Only | Fully Remote | 5d Xlysi SFO, CA. Full-Time",weworkremotely,https://weworkremotely.com/remote-jobs/xlysi-business-process-analyst-w2-only-fully-remote
Staff Software Engineer,Copper CRM,Remote,"Full-Time, Anywhere in the World",Staff Software Engineer 5d Copper CRM Remote Full-Time Anywhere in the World,weworkremotely,https://weworkremotely.com/remote-jobs/copper-crm-staff-software-engineer
Sales & Operations Specialist,Synergis Technologies,Remote,Full-Time,Sales & Operations Specialist 5d Synergis Technologies Remote Full-Time,weworkremotely,https://weworkremotely.com/remote-jobs/synergis-technologies-sales-operations-specialist
Digital Agency Account Manager,Icarus Digital Marketing,"EU, Remote","Full-Time, $10,000 - $25,000 USD, Anywhere in the World","Digital Agency Account Manager 5d Icarus Digital Marketing EU, Remote Full-Time $10,000 - $25,000 USD Anywhere in the World",weworkremotely,https://weworkremotely.com/remote-jobs/icarus-digital-marketing-digital-agency-account-manager
QA / Product Testing Specialist,Wherefour,Petaluma CA,"Full-Time, Anywhere in the World",QA / Product Testing Specialist 5d Wherefour Petaluma CA Full-Time Anywhere in the World,weworkremotely,https://weworkremotely.com/remote-jobs/wherefour-qa-product-testing-specialist
"Customer Happiness Advocate (Remote - Canada, UK, Spain, Finland)",Turtles,Finland,"Full-Time, ðŸ‡¨ðŸ‡¦ Canada, ðŸ‡ªðŸ‡¸ Spain, ðŸ‡«ðŸ‡® Finland, ðŸ‡¬ðŸ‡§ United Kingdom of Great Britain and Northern Ireland","Customer Happiness Advocate (Remote - Canada, UK, Spain, Finland) 6d Turtles Finland Full-Time ðŸ‡¨ðŸ‡¦ Canada ðŸ‡ªðŸ‡¸ Spain ðŸ‡«ðŸ‡® Finland ðŸ‡¬ðŸ‡§ United Kingdom of Great Britain and Northern Ireland",weworkremotely,https://weworkremotely.com/remote-jobs/turtles-customer-happiness-advocate-remote-canada-uk-spain-finland
"Implementation Manager, EMEA",Hightouch,California,"Full-Time, $100,000 or more USD, Anywhere in the World","Implementation Manager, EMEA 7d Hightouch California Full-Time $100,000 or more USD Anywhere in the World",weworkremotely,https://weworkremotely.com/remote-jobs/hightouch-implementation-manager-emea
HubSpot CRM Administrator (English + Arabic),Jobs for Lebanon,"Beirut, Lebanon",Full-Time,"HubSpot CRM Administrator (English + Arabic) 12d Jobs for Lebanon Beirut, Lebanon Full-Time",weworkremotely,https://weworkremotely.com/remote-jobs/jobs-for-lebanon-hubspot-crm-administrator-english-arabic
"Senior Account Executive, Large Enterprise",Klaviyo,"Boston, MA",Full-Time,"Senior Account Executive, Large Enterprise 12d Klaviyo Boston, MA Full-Time",weworkremotely,https://weworkremotely.com/remote-jobs/klaviyo-senior-account-executive-large-enterprise
Head of Community,The Tech Tribe,"Sydney, Australia","Featured, Full-Time, Anywhere in the World","Head of Community 26d The Tech Tribe Sydney, Australia Featured Full-Time Anywhere in the World",weworkremotely,https://weworkremotely.com/remote-jobs/the-tech-tribe-head-of-community
Enterprise Sales Executive VI - Hi-tech/ISV/SaaS,Rackspace,United States - Remote,"Full-Time, Anywhere in the World",Enterprise Sales Executive VI - Hi-tech/ISV/SaaS 3d Rackspace United States - Remote Full-Time Anywhere in the World,weworkremotely,https://weworkremotely.com/remote-jobs/rackspace-enterprise-sales-executive-vi-hi-tech-isv-saas
Bilingual Sr Principal Consultant - Products ERP - NetSuite (Seeking French and/or Mandarin),Oracle,Canada,"Full-Time, Anywhere in the World",Bilingual Sr Principal Consultant - Products ERP - NetSuite (Seeking French and/or Mandarin) 3d Oracle Canada Full-Time Anywhere in the World,weworkremotely,https://weworkremotely.com/remote-jobs/oracle-bilingual-sr-principal-consultant-products-erp-netsuite-seeking-french-and-or-mandarin
"Team Lead, Command Center",Rimini Street,Remote Australia,Full-Time,"Team Lead, Command Center 3d Rimini Street Remote Australia Full-Time",weworkremotely,https://weworkremotely.com/remote-jobs/rimini-street-team-lead-command-center
"GVP & Regional GM, ANZ",Rimini Street,Remote Australia,"Full-Time, Anywhere in the World","GVP & Regional GM, ANZ 3d Rimini Street Remote Australia Full-Time Anywhere in the World",weworkremotely,https://weworkremotely.com/remote-jobs/rimini-street-gvp-regional-gm-anz
Business Development Representative,Codekeeper,Remote,"Full-Time, Anywhere in the World",Business Development Representative 3d Codekeeper Remote Full-Time Anywhere in the World,weworkremotely,https://weworkremotely.com/remote-jobs/codekeeper-business-development-representative
"Senior Account Executive, SaaS, Remote",Planet Green Search,"Saint Louis, MO Â· Sales",Full-Time,"Senior Account Executive, SaaS, Remote 4d Planet Green Search Saint Louis, MO Â· Sales Full-Time",weworkremotely,https://weworkremotely.com/remote-jobs/planet-green-search-senior-account-executive-saas-remote-3
Partnership Sales Manager | Remote | AI SaaS Sales Role,Process Street,ET/CT/Remote,"Full-Time, Anywhere in the World",Partnership Sales Manager | Remote | AI SaaS Sales Role 4d Process Street ET/CT/Remote Full-Time Anywhere in the World,weworkremotely,https://weworkremotely.com/remote-jobs/process-street-partnership-sales-manager-remote-ai-saas-sales-role
Enterprise Billing Success Manager (B2B SaaS),Prompt,Remote,"Full-Time, Anywhere in the World",Enterprise Billing Success Manager (B2B SaaS) 4d Prompt Remote Full-Time Anywhere in the World,weworkremotely,https://weworkremotely.com/remote-jobs/prompt-enterprise-billing-success-manager-b2b-saas
"Support Engineer, SAP ABAP",Rimini Street,Remote Australia,"Full-Time, Anywhere in the World","Support Engineer, SAP ABAP 4d Rimini Street Remote Australia Full-Time Anywhere in the World",weworkremotely,https://weworkremotely.com/remote-jobs/rimini-street-support-engineer-sap-abap
Remote Technical Lead â€“ Oracle SaaS Cloud,Sequoia Connect,"Ciudad de MÃ©xico, CDMX, 01219, United States",Full-Time,"Remote Technical Lead â€“ Oracle SaaS Cloud 10d Sequoia Connect Ciudad de MÃ©xico, CDMX, 01219, United States Full-Time",weworkremotely,https://weworkremotely.com/remote-jobs/sequoia-connect-remote-technical-lead-oracle-saas-cloud
SDR / Sales Development Representative - SaaS,Actionstep,"Denver, Colorado, United States",Full-Time,"SDR / Sales Development Representative - SaaS 10d Actionstep Denver, Colorado, United States Full-Time",weworkremotely,https://weworkremotely.com/remote-jobs/actionstep-sdr-sales-development-representative-saas
"Account Executive â€“ Strategic Accounts / Expansion (Install Base), DACH",IFS,"Gronau, Deutschland",Full-Time,"Account Executive â€“ Strategic Accounts / Expansion (Install Base), DACH 10d IFS Gronau, Deutschland Full-Time",weworkremotely,https://weworkremotely.com/remote-jobs/ifs-account-executive-strategic-accounts-expansion-install-base-dach
Head of Growth for a U.S. B2C SaaS Platform (Remote),Paired,Brazil,"Full-Time, Anywhere in the World",Head of Growth for a U.S. B2C SaaS Platform (Remote) 10d Paired Brazil Full-Time Anywhere in the World,weworkremotely,https://weworkremotely.com/remote-jobs/paired-head-of-growth-for-a-u-s-b2c-saas-platform-remote
Performance Marketing Manager â€“ for B2B Tech & SaaS Scale-Ups (m/f/d),YOYABA,"Hamburg, Remote",Full-Time,"Performance Marketing Manager â€“ for B2B Tech & SaaS Scale-Ups (m/f/d) 10d YOYABA Hamburg, Remote Full-Time",weworkremotely,https://weworkremotely.com/remote-jobs/yoyaba-performance-marketing-manager-for-b2b-tech-saas-scale-ups-m-f-d
Commercial Account Manager (CAM),IGEL,US - Remote,"Full-Time, Anywhere in the World",Commercial Account Manager (CAM) 11d IGEL US - Remote Full-Time Anywhere in the World,weworkremotely,https://weworkremotely.com/remote-jobs/igel-commercial-account-manager-cam
"Senior Director, Global SaaS Sales",Cloud Software Group,"Ft. Lauderdale, FL",Full-Time,"Senior Director, Global SaaS Sales 11d Cloud Software Group Ft. Lauderdale, FL Full-Time",weworkremotely,https://weworkremotely.com/remote-jobs/cloud-software-group-senior-director-global-saas-sales
"SVP & General Manager, Global Professional Services",Rimini Street,Remote Australia,"Full-Time, Anywhere in the World","SVP & General Manager, Global Professional Services 11d Rimini Street Remote Australia Full-Time Anywhere in the World",weworkremotely,https://weworkremotely.com/remote-jobs/rimini-street-svp-general-manager-global-professional-services
SaaS Software Technology Manager (Remote),Retensa,"New York, New York, United States",Full-Time,"SaaS Software Technology Manager (Remote) 11d Retensa New York, New York, United States Full-Time",weworkremotely,https://weworkremotely.com/remote-jobs/retensa-saas-software-technology-manager-remote
Customer Care,Boond,"6 Rue de Porstrein, 29200 Brest, France Brest, FinistÃ¨re, 29200 France",Full-Time,"Customer Care 11d Boond 6 Rue de Porstrein, 29200 Brest, France Brest, FinistÃ¨re, 29200 France Full-Time",weworkremotely,https://weworkremotely.com/remote-jobs/boond-customer-care
QA Analyst,Wealthbox CRM,Remote,"Full-Time, Anywhere in the World",QA Analyst 13d Wealthbox CRM Remote Full-Time Anywhere in the World,weworkremotely,https://weworkremotely.com/remote-jobs/wealthbox-crm-qa-analyst
Senior Independent Product Manager/Product Designer ($90-$170/hr),A.Team,"NYC, SF, and TLV","Full-Time, Anywhere in the World","Senior Independent Product Manager/Product Designer ($90-$170/hr) 17d A.Team NYC, SF, and TLV Full-Time Anywhere in the World",weworkremotely,https://weworkremotely.com/remote-jobs/a-team-senior-independent-product-manager-product-designer-90-170-hr
"Senior Account Executive, SaaS, Remote",Planet Green Search,"Saint Louis, MO Â· Sales",Full-Time,"Senior Account Executive, SaaS, Remote 18d Planet Green Search Saint Louis, MO Â· Sales Full-Time",weworkremotely,https://weworkremotely.com/remote-jobs/planet-green-search-senior-account-executive-saas-remote-2
Growth Partner,Victorious,Remote,"Full-Time, Anywhere in the World",Growth Partner 18d Victorious Remote Full-Time Anywhere in the World,weworkremotely,https://weworkremotely.com/remote-jobs/victorious-growth-partner
Software Engineering Manager (Backend SaaS),Canonical,UK,"Full-Time, Anywhere in the World",Software Engineering Manager (Backend SaaS) 18d Canonical UK Full-Time Anywhere in the World,weworkremotely,https://weworkremotely.com/remote-jobs/canonical-software-engineering-manager-backend-saas
